Color1,Color2,BlendColor
(0.000; 0.000; 0.000; 1.000),(0.000; 0.000; 0.000; 1.000),(0.000; 0.000; 0.000; 1.000)
(0.000; 0.000; 0.000; 1.000),(0.000; 0.000; 0.322; 1.000),(0.000; 0.000; 0.000; 1.000)
(0.000; 0.000; 0.000; 1.000),(0.000; 0.000; 0.714; 1.000),(0.000; 0.000; 0.180; 1.000)
(0.000; 0.000; 0.000; 1.000),(0.000; 0.408; 0.000; 1.000),(0.008; 0.008; 0.314; 1.000)
(0.000; 0.000; 0.000; 1.000),(0.000; 0.408; 0.463; 1.000),(0.016; 0.196; 0.000; 1.000)
(0.000; 0.000; 0.000; 1.000),(0.000; 0.408; 0.902; 1.000),(0.012; 0.180; 0.220; 1.000)
(0.000; 0.000; 0.000; 1.000),(0.000; 0.796; 0.000; 1.000),(0.047; 0.192; 0.376; 1.000)
(0.000; 0.000; 0.000; 1.000),(0.000; 0.796; 0.337; 1.000),(0.004; 0.376; 0.004; 1.000)
(0.000; 0.000; 0.000; 1.000),(0.000; 0.796; 0.788; 1.000),(0.012; 0.365; 0.176; 1.000)
(0.000; 0.000; 0.000; 1.000),(0.318; 0.000; 0.000; 1.000),(0.039; 0.373; 0.353; 1.000)
(0.000; 0.000; 0.000; 1.000),(0.318; 0.000; 0.463; 1.000),(0.176; 0.000; 0.004; 1.000)
(0.000; 0.000; 0.000; 1.000),(0.318; 0.000; 0.863; 1.000),(0.173; 0.020; 0.208; 1.000)
(0.000; 0.000; 0.000; 1.000),(0.318; 0.314; 0.000; 1.000),(0.180; 0.027; 0.388; 1.000)
(0.000; 0.000; 0.000; 1.000),(0.318; 0.314; 0.459; 1.000),(0.149; 0.157; 0.000; 1.000)
(0.000; 0.000; 0.000; 1.000),(0.318; 0.314; 0.784; 1.000),(0.169; 0.165; 0.220; 1.000)
(0.000; 0.000; 0.000; 1.000),(0.318; 0.718; 0.000; 1.000),(0.188; 0.180; 0.349; 1.000)
(0.000; 0.000; 0.000; 1.000),(0.318; 0.718; 0.361; 1.000),(0.133; 0.337; 0.008; 1.000)
(0.000; 0.000; 0.000; 1.000),(0.318; 0.718; 0.737; 1.000),(0.169; 0.325; 0.192; 1.000)
(0.000; 0.000; 0.000; 1.000),(0.776; 0.000; 0.000; 1.000),(0.192; 0.333; 0.345; 1.000)
(0.000; 0.000; 0.000; 1.000),(0.776; 0.000; 0.365; 1.000),(0.384; 0.020; 0.000; 1.000)
(0.000; 0.000; 0.000; 1.000),(0.776; 0.000; 0.729; 1.000),(0.396; 0.004; 0.165; 1.000)
(0.000; 0.000; 0.000; 1.000),(0.776; 0.463; 0.000; 1.000),(0.396; 0.027; 0.357; 1.000)
(0.000; 0.000; 0.000; 1.000),(0.776; 0.463; 0.439; 1.000),(0.294; 0.239; 0.000; 1.000)
(0.000; 0.000; 0.000; 1.000),(0.776; 0.463; 0.898; 1.000),(0.376; 0.247; 0.227; 1.000)
(0.000; 0.000; 0.000; 1.000),(0.776; 0.839; 0.000; 1.000),(0.404; 0.247; 0.447; 1.000)
(0.000; 0.000; 0.000; 1.000),(0.776; 0.839; 0.361; 1.000),(0.271; 0.392; 0.043; 1.000)
(0.000; 0.000; 0.000; 1.000),(0.776; 0.839; 0.780; 1.000),(0.357; 0.420; 0.216; 1.000)
(0.000; 0.000; 0.369; 1.000),(0.000; 0.000; 0.000; 1.000),(0.392; 0.416; 0.396; 1.000)
(0.000; 0.000; 0.369; 1.000),(0.000; 0.000; 0.322; 1.000),(0.000; 0.000; 0.196; 1.000)
(0.000; 0.000; 0.369; 1.000),(0.000; 0.000; 0.714; 1.000),(0.000; 0.000; 0.345; 1.000)
(0.000; 0.000; 0.369; 1.000),(0.000; 0.408; 0.000; 1.000),(0.000; 0.004; 0.565; 1.000)
(0.000; 0.000; 0.369; 1.000),(0.000; 0.408; 0.463; 1.000),(0.000; 0.216; 0.129; 1.000)
(0.000; 0.000; 0.369; 1.000),(0.000; 0.408; 0.902; 1.000),(0.000; 0.196; 0.435; 1.000)
(0.000; 0.000; 0.369; 1.000),(0.000; 0.796; 0.000; 1.000),(0.000; 0.204; 0.686; 1.000)
(0.000; 0.000; 0.369; 1.000),(0.000; 0.796; 0.337; 1.000),(0.000; 0.404; 0.157; 1.000)
(0.000; 0.000; 0.369; 1.000),(0.000; 0.796; 0.788; 1.000),(0.000; 0.396; 0.384; 1.000)
(0.000; 0.000; 0.369; 1.000),(0.318; 0.000; 0.000; 1.000),(0.000; 0.396; 0.675; 1.000)
(0.000; 0.000; 0.369; 1.000),(0.318; 0.000; 0.463; 1.000),(0.106; 0.000; 0.290; 1.000)
(0.000; 0.000; 0.369; 1.000),(0.318; 0.000; 0.863; 1.000),(0.114; 0.000; 0.498; 1.000)
(0.000; 0.000; 0.369; 1.000),(0.318; 0.314; 0.000; 1.000),(0.106; 0.016; 0.702; 1.000)
(0.000; 0.000; 0.369; 1.000),(0.318; 0.314; 0.459; 1.000),(0.078; 0.169; 0.180; 1.000)
(0.000; 0.000; 0.369; 1.000),(0.318; 0.314; 0.784; 1.000),(0.098; 0.165; 0.486; 1.000)
(0.000; 0.000; 0.369; 1.000),(0.318; 0.718; 0.000; 1.000),(0.086; 0.176; 0.686; 1.000)
(0.000; 0.000; 0.369; 1.000),(0.318; 0.718; 0.361; 1.000),(0.008; 0.365; 0.153; 1.000)
(0.000; 0.000; 0.369; 1.000),(0.318; 0.718; 0.737; 1.000),(0.063; 0.365; 0.420; 1.000)
(0.000; 0.000; 0.369; 1.000),(0.776; 0.000; 0.000; 1.000),(0.067; 0.361; 0.678; 1.000)
(0.000; 0.000; 0.369; 1.000),(0.776; 0.000; 0.365; 1.000),(0.247; 0.031; 0.286; 1.000)
(0.000; 0.000; 0.369; 1.000),(0.776; 0.000; 0.729; 1.000),(0.263; 0.000; 0.482; 1.000)
(0.000; 0.000; 0.369; 1.000),(0.776; 0.463; 0.000; 1.000),(0.263; 0.000; 0.706; 1.000)
(0.000; 0.000; 0.369; 1.000),(0.776; 0.463; 0.439; 1.000),(0.125; 0.267; 0.145; 1.000)
(0.000; 0.000; 0.369; 1.000),(0.776; 0.463; 0.898; 1.000),(0.227; 0.255; 0.529; 1.000)
(0.000; 0.000; 0.369; 1.000),(0.776; 0.839; 0.000; 1.000),(0.227; 0.239; 0.839; 1.000)
(0.000; 0.000; 0.369; 1.000),(0.776; 0.839; 0.361; 1.000),(0.071; 0.431; 0.196; 1.000)
(0.000; 0.000; 0.369; 1.000),(0.776; 0.839; 0.780; 1.000),(0.176; 0.478; 0.482; 1.000)
(0.000; 0.000; 0.745; 1.000),(0.000; 0.000; 0.000; 1.000),(0.192; 0.447; 0.788; 1.000)
(0.000; 0.000; 0.745; 1.000),(0.000; 0.000; 0.322; 1.000),(0.012; 0.008; 0.325; 1.000)
(0.000; 0.000; 0.745; 1.000),(0.000; 0.000; 0.714; 1.000),(0.000; 0.008; 0.565; 1.000)
(0.000; 0.000; 0.745; 1.000),(0.000; 0.408; 0.000; 1.000),(0.000; 0.000; 0.729; 1.000)
(0.000; 0.000; 0.745; 1.000),(0.000; 0.408; 0.463; 1.000),(0.031; 0.259; 0.271; 1.000)
(0.000; 0.000; 0.745; 1.000),(0.000; 0.408; 0.902; 1.000),(0.008; 0.208; 0.592; 1.000)
(0.000; 0.000; 0.745; 1.000),(0.000; 0.796; 0.000; 1.000),(0.000; 0.196; 0.827; 1.000)
(0.000; 0.000; 0.745; 1.000),(0.000; 0.796; 0.337; 1.000),(0.000; 0.443; 0.271; 1.000)
(0.000; 0.000; 0.745; 1.000),(0.000; 0.796; 0.788; 1.000),(0.000; 0.416; 0.506; 1.000)
(0.000; 0.000; 0.745; 1.000),(0.318; 0.000; 0.000; 1.000),(0.000; 0.388; 0.788; 1.000)
(0.000; 0.000; 0.745; 1.000),(0.318; 0.000; 0.463; 1.000),(0.173; 0.000; 0.388; 1.000)
(0.000; 0.000; 0.745; 1.000),(0.318; 0.000; 0.863; 1.000),(0.161; 0.000; 0.616; 1.000)
(0.000; 0.000; 0.745; 1.000),(0.318; 0.314; 0.000; 1.000),(0.145; 0.000; 0.824; 1.000)
(0.000; 0.000; 0.745; 1.000),(0.318; 0.314; 0.459; 1.000),(0.145; 0.180; 0.294; 1.000)
(0.000; 0.000; 0.745; 1.000),(0.318; 0.314; 0.784; 1.000),(0.145; 0.157; 0.604; 1.000)
(0.000; 0.000; 0.745; 1.000),(0.318; 0.718; 0.000; 1.000),(0.137; 0.161; 0.796; 1.000)
(0.000; 0.000; 0.745; 1.000),(0.318; 0.718; 0.361; 1.000),(0.098; 0.412; 0.251; 1.000)
(0.000; 0.000; 0.745; 1.000),(0.318; 0.718; 0.737; 1.000),(0.129; 0.376; 0.529; 1.000)
(0.000; 0.000; 0.745; 1.000),(0.776; 0.000; 0.000; 1.000),(0.125; 0.353; 0.776; 1.000)
(0.000; 0.000; 0.745; 1.000),(0.776; 0.000; 0.365; 1.000),(0.345; 0.000; 0.365; 1.000)
(0.000; 0.000; 0.745; 1.000),(0.776; 0.000; 0.729; 1.000),(0.353; 0.000; 0.557; 1.000)
(0.000; 0.000; 0.745; 1.000),(0.776; 0.463; 0.000; 1.000),(0.337; 0.000; 0.780; 1.000)
(0.000; 0.000; 0.745; 1.000),(0.776; 0.463; 0.439; 1.000),(0.235; 0.290; 0.227; 1.000)
(0.000; 0.000; 0.745; 1.000),(0.776; 0.463; 0.898; 1.000),(0.314; 0.239; 0.604; 1.000)
(0.000; 0.000; 0.745; 1.000),(0.776; 0.839; 0.000; 1.000),(0.310; 0.220; 0.902; 1.000)
(0.000; 0.000; 0.745; 1.000),(0.776; 0.839; 0.361; 1.000),(0.188; 0.475; 0.271; 1.000)
(0.000; 0.000; 0.745; 1.000),(0.776; 0.839; 0.780; 1.000),(0.271; 0.475; 0.557; 1.000)
(0.000; 0.424; 0.000; 1.000),(0.000; 0.000; 0.000; 1.000),(0.282; 0.427; 0.847; 1.000)
(0.000; 0.424; 0.000; 1.000),(0.000; 0.000; 0.322; 1.000),(0.020; 0.204; 0.000; 1.000)
(0.000; 0.424; 0.000; 1.000),(0.000; 0.000; 0.714; 1.000),(0.000; 0.220; 0.114; 1.000)
(0.000; 0.424; 0.000; 1.000),(0.000; 0.408; 0.000; 1.000),(0.027; 0.263; 0.255; 1.000)
(0.000; 0.424; 0.000; 1.000),(0.000; 0.408; 0.463; 1.000),(0.000; 0.416; 0.000; 1.000)
(0.000; 0.424; 0.000; 1.000),(0.000; 0.408; 0.902; 1.000),(0.012; 0.435; 0.180; 1.000)
(0.000; 0.424; 0.000; 1.000),(0.000; 0.796; 0.000; 1.000),(0.059; 0.498; 0.314; 1.000)
(0.000; 0.424; 0.000; 1.000),(0.000; 0.796; 0.337; 1.000),(0.000; 0.612; 0.004; 1.000)
(0.000; 0.424; 0.000; 1.000),(0.000; 0.796; 0.788; 1.000),(0.008; 0.624; 0.157; 1.000)
(0.000; 0.424; 0.000; 1.000),(0.318; 0.000; 0.000; 1.000),(0.051; 0.686; 0.306; 1.000)
(0.000; 0.424; 0.000; 1.000),(0.318; 0.000; 0.463; 1.000),(0.239; 0.180; 0.004; 1.000)
(0.000; 0.424; 0.000; 1.000),(0.318; 0.000; 0.863; 1.000),(0.216; 0.247; 0.176; 1.000)
(0.000; 0.424; 0.000; 1.000),(0.318; 0.314; 0.000; 1.000),(0.208; 0.302; 0.337; 1.000)
(0.000; 0.424; 0.000; 1.000),(0.318; 0.314; 0.459; 1.000),(0.169; 0.365; 0.008; 1.000)
(0.000; 0.424; 0.000; 1.000),(0.318; 0.314; 0.784; 1.000),(0.188; 0.416; 0.192; 1.000)
(0.000; 0.424; 0.000; 1.000),(0.318; 0.718; 0.000; 1.000),(0.216; 0.475; 0.294; 1.000)
(0.000; 0.424; 0.000; 1.000),(0.318; 0.718; 0.361; 1.000),(0.122; 0.573; 0.016; 1.000)
(0.000; 0.424; 0.000; 1.000),(0.318; 0.718; 0.737; 1.000),(0.165; 0.596; 0.176; 1.000)
(0.000; 0.424; 0.000; 1.000),(0.776; 0.000; 0.000; 1.000),(0.204; 0.651; 0.298; 1.000)
(0.000; 0.424; 0.000; 1.000),(0.776; 0.000; 0.365; 1.000),(0.475; 0.200; 0.012; 1.000)
(0.000; 0.424; 0.000; 1.000),(0.776; 0.000; 0.729; 1.000),(0.471; 0.220; 0.153; 1.000)
(0.000; 0.424; 0.000; 1.000),(0.776; 0.463; 0.000; 1.000),(0.447; 0.290; 0.325; 1.000)
(0.000; 0.424; 0.000; 1.000),(0.776; 0.463; 0.439; 1.000),(0.310; 0.459; 0.008; 1.000)
(0.000; 0.424; 0.000; 1.000),(0.776; 0.463; 0.898; 1.000),(0.420; 0.514; 0.204; 1.000)
(0.000; 0.424; 0.000; 1.000),(0.776; 0.839; 0.000; 1.000),(0.439; 0.561; 0.396; 1.000)
(0.000; 0.424; 0.000; 1.000),(0.776; 0.839; 0.361; 1.000),(0.263; 0.639; 0.043; 1.000)
(0.000; 0.424; 0.000; 1.000),(0.776; 0.839; 0.780; 1.000),(0.373; 0.710; 0.188; 1.000)
(0.000; 0.424; 0.329; 1.000),(0.000; 0.000; 0.000; 1.000),(0.424; 0.749; 0.345; 1.000)
(0.000; 0.424; 0.329; 1.000),(0.000; 0.000; 0.322; 1.000),(0.008; 0.188; 0.169; 1.000)
(0.000; 0.424; 0.329; 1.000),(0.000; 0.000; 0.714; 1.000),(0.000; 0.208; 0.329; 1.000)
(0.000; 0.424; 0.329; 1.000),(0.000; 0.408; 0.000; 1.000),(0.016; 0.231; 0.486; 1.000)
(0.000; 0.424; 0.329; 1.000),(0.000; 0.408; 0.463; 1.000),(0.004; 0.420; 0.149; 1.000)
(0.000; 0.424; 0.329; 1.000),(0.000; 0.408; 0.902; 1.000),(0.004; 0.420; 0.388; 1.000)
(0.000; 0.424; 0.329; 1.000),(0.000; 0.796; 0.000; 1.000),(0.027; 0.455; 0.565; 1.000)
(0.000; 0.424; 0.329; 1.000),(0.000; 0.796; 0.337; 1.000),(0.000; 0.612; 0.157; 1.000)
(0.000; 0.424; 0.329; 1.000),(0.000; 0.796; 0.788; 1.000),(0.000; 0.612; 0.341; 1.000)
(0.000; 0.424; 0.329; 1.000),(0.318; 0.000; 0.000; 1.000),(0.012; 0.647; 0.545; 1.000)
(0.000; 0.424; 0.329; 1.000),(0.318; 0.000; 0.463; 1.000),(0.204; 0.141; 0.200; 1.000)
(0.000; 0.424; 0.329; 1.000),(0.318; 0.000; 0.863; 1.000),(0.188; 0.200; 0.396; 1.000)
(0.000; 0.424; 0.329; 1.000),(0.318; 0.314; 0.000; 1.000),(0.176; 0.255; 0.576; 1.000)
(0.000; 0.424; 0.329; 1.000),(0.318; 0.314; 0.459; 1.000),(0.145; 0.353; 0.165; 1.000)
(0.000; 0.424; 0.329; 1.000),(0.318; 0.314; 0.784; 1.000),(0.161; 0.380; 0.400; 1.000)
(0.000; 0.424; 0.329; 1.000),(0.318; 0.718; 0.000; 1.000),(0.173; 0.424; 0.541; 1.000)
(0.000; 0.424; 0.329; 1.000),(0.318; 0.718; 0.361; 1.000),(0.090; 0.573; 0.153; 1.000)
(0.000; 0.424; 0.329; 1.000),(0.318; 0.718; 0.737; 1.000),(0.137; 0.580; 0.365; 1.000)
(0.000; 0.424; 0.329; 1.000),(0.776; 0.000; 0.000; 1.000),(0.157; 0.612; 0.541; 1.000)
(0.000; 0.424; 0.329; 1.000),(0.776; 0.000; 0.365; 1.000),(0.408; 0.169; 0.196; 1.000)
(0.000; 0.424; 0.329; 1.000),(0.776; 0.000; 0.729; 1.000),(0.412; 0.169; 0.361; 1.000)
(0.000; 0.424; 0.329; 1.000),(0.776; 0.463; 0.000; 1.000),(0.392; 0.231; 0.553; 1.000)
(0.000; 0.424; 0.329; 1.000),(0.776; 0.463; 0.439; 1.000),(0.255; 0.451; 0.141; 1.000)
(0.000; 0.424; 0.329; 1.000),(0.776; 0.463; 0.898; 1.000),(0.357; 0.471; 0.412; 1.000)
(0.000; 0.424; 0.329; 1.000),(0.776; 0.839; 0.000; 1.000),(0.369; 0.502; 0.651; 1.000)
(0.000; 0.424; 0.329; 1.000),(0.776; 0.839; 0.361; 1.000),(0.204; 0.635; 0.184; 1.000)
(0.000; 0.424; 0.329; 1.000),(0.776; 0.839; 0.780; 1.000),(0.310; 0.690; 0.388; 1.000)
(0.000; 0.424; 0.784; 1.000),(0.000; 0.000; 0.000; 1.000),(0.345; 0.702; 0.600; 1.000)
(0.000; 0.424; 0.784; 1.000),(0.000; 0.000; 0.322; 1.000),(0.039; 0.196; 0.329; 1.000)
(0.000; 0.424; 0.784; 1.000),(0.000; 0.000; 0.714; 1.000),(0.000; 0.216; 0.604; 1.000)
(0.000; 0.424; 0.784; 1.000),(0.000; 0.408; 0.000; 1.000),(0.000; 0.204; 0.753; 1.000)
(0.000; 0.424; 0.784; 1.000),(0.000; 0.408; 0.463; 1.000),(0.047; 0.482; 0.278; 1.000)
(0.000; 0.424; 0.784; 1.000),(0.000; 0.408; 0.902; 1.000),(0.008; 0.427; 0.612; 1.000)
(0.000; 0.424; 0.784; 1.000),(0.000; 0.796; 0.000; 1.000),(0.000; 0.416; 0.843; 1.000)
(0.000; 0.424; 0.784; 1.000),(0.000; 0.796; 0.337; 1.000),(0.016; 0.667; 0.267; 1.000)
(0.000; 0.424; 0.784; 1.000),(0.000; 0.796; 0.788; 1.000),(0.008; 0.635; 0.510; 1.000)
(0.000; 0.424; 0.784; 1.000),(0.318; 0.000; 0.000; 1.000),(0.000; 0.612; 0.796; 1.000)
(0.000; 0.424; 0.784; 1.000),(0.318; 0.000; 0.463; 1.000),(0.220; 0.090; 0.384; 1.000)
(0.000; 0.424; 0.784; 1.000),(0.318; 0.000; 0.863; 1.000),(0.192; 0.145; 0.620; 1.000)
(0.000; 0.424; 0.784; 1.000),(0.318; 0.314; 0.000; 1.000),(0.161; 0.200; 0.827; 1.000)
(0.000; 0.424; 0.784; 1.000),(0.318; 0.314; 0.459; 1.000),(0.180; 0.369; 0.290; 1.000)
(0.000; 0.424; 0.784; 1.000),(0.318; 0.314; 0.784; 1.000),(0.165; 0.353; 0.608; 1.000)
(0.000; 0.424; 0.784; 1.000),(0.318; 0.718; 0.000; 1.000),(0.153; 0.365; 0.796; 1.000)
(0.000; 0.424; 0.784; 1.000),(0.318; 0.718; 0.361; 1.000),(0.129; 0.635; 0.239; 1.000)
(0.000; 0.424; 0.784; 1.000),(0.318; 0.718; 0.737; 1.000),(0.149; 0.596; 0.529; 1.000)
(0.000; 0.424; 0.784; 1.000),(0.776; 0.000; 0.000; 1.000),(0.137; 0.576; 0.776; 1.000)
(0.000; 0.424; 0.784; 1.000),(0.776; 0.000; 0.365; 1.000),(0.412; 0.114; 0.357; 1.000)
(0.000; 0.424; 0.784; 1.000),(0.776; 0.000; 0.729; 1.000),(0.404; 0.098; 0.545; 1.000)
(0.000; 0.424; 0.784; 1.000),(0.776; 0.463; 0.000; 1.000),(0.376; 0.157; 0.769; 1.000)
(0.000; 0.424; 0.784; 1.000),(0.776; 0.463; 0.439; 1.000),(0.286; 0.490; 0.212; 1.000)
(0.000; 0.424; 0.784; 1.000),(0.776; 0.463; 0.898; 1.000),(0.349; 0.431; 0.592; 1.000)
(0.000; 0.424; 0.784; 1.000),(0.776; 0.839; 0.000; 1.000),(0.337; 0.427; 0.890; 1.000)
(0.000; 0.424; 0.784; 1.000),(0.776; 0.839; 0.361; 1.000),(0.235; 0.694; 0.247; 1.000)
(0.000; 0.424; 0.784; 1.000),(0.776; 0.839; 0.780; 1.000),(0.306; 0.690; 0.545; 1.000)
(0.000; 0.824; 0.000; 1.000),(0.000; 0.000; 0.000; 1.000),(0.310; 0.651; 0.835; 1.000)
(0.000; 0.824; 0.000; 1.000),(0.000; 0.000; 0.322; 1.000),(0.004; 0.388; 0.004; 1.000)
(0.000; 0.824; 0.000; 1.000),(0.000; 0.000; 0.714; 1.000),(0.000; 0.420; 0.149; 1.000)
(0.000; 0.824; 0.000; 1.000),(0.000; 0.408; 0.000; 1.000),(0.000; 0.455; 0.263; 1.000)
(0.000; 0.824; 0.000; 1.000),(0.000; 0.408; 0.463; 1.000),(0.000; 0.620; 0.008; 1.000)
(0.000; 0.824; 0.000; 1.000),(0.000; 0.408; 0.902; 1.000),(0.000; 0.631; 0.192; 1.000)
(0.000; 0.824; 0.000; 1.000),(0.000; 0.796; 0.000; 1.000),(0.024; 0.686; 0.310; 1.000)
(0.000; 0.824; 0.000; 1.000),(0.000; 0.796; 0.337; 1.000),(0.000; 0.808; 0.000; 1.000)
(0.000; 0.824; 0.000; 1.000),(0.000; 0.796; 0.788; 1.000),(0.000; 0.816; 0.153; 1.000)
(0.000; 0.824; 0.000; 1.000),(0.318; 0.000; 0.000; 1.000),(0.031; 0.871; 0.290; 1.000)
(0.000; 0.824; 0.000; 1.000),(0.318; 0.000; 0.463; 1.000),(0.239; 0.341; 0.004; 1.000)
(0.000; 0.824; 0.000; 1.000),(0.318; 0.000; 0.863; 1.000),(0.196; 0.420; 0.173; 1.000)
(0.000; 0.824; 0.000; 1.000),(0.318; 0.314; 0.000; 1.000),(0.188; 0.482; 0.329; 1.000)
(0.000; 0.824; 0.000; 1.000),(0.318; 0.314; 0.459; 1.000),(0.173; 0.549; 0.012; 1.000)
(0.000; 0.824; 0.000; 1.000),(0.318; 0.314; 0.784; 1.000),(0.176; 0.596; 0.188; 1.000)
(0.000; 0.824; 0.000; 1.000),(0.318; 0.718; 0.000; 1.000),(0.200; 0.659; 0.278; 1.000)
(0.000; 0.824; 0.000; 1.000),(0.318; 0.718; 0.361; 1.000),(0.149; 0.769; 0.000; 1.000)
(0.000; 0.824; 0.000; 1.000),(0.318; 0.718; 0.737; 1.000),(0.165; 0.780; 0.165; 1.000)
(0.000; 0.824; 0.000; 1.000),(0.776; 0.000; 0.000; 1.000),(0.196; 0.831; 0.278; 1.000)
(0.000; 0.824; 0.000; 1.000),(0.776; 0.000; 0.365; 1.000),(0.506; 0.341; 0.020; 1.000)
(0.000; 0.824; 0.000; 1.000),(0.776; 0.000; 0.729; 1.000),(0.486; 0.373; 0.149; 1.000)
(0.000; 0.824; 0.000; 1.000),(0.776; 0.463; 0.000; 1.000),(0.455; 0.459; 0.306; 1.000)
(0.000; 0.824; 0.000; 1.000),(0.776; 0.463; 0.439; 1.000),(0.357; 0.639; 0.000; 1.000)
(0.000; 0.824; 0.000; 1.000),(0.776; 0.463; 0.898; 1.000),(0.435; 0.678; 0.192; 1.000)
(0.000; 0.824; 0.000; 1.000),(0.776; 0.839; 0.000; 1.000),(0.451; 0.729; 0.365; 1.000)
(0.000; 0.824; 0.000; 1.000),(0.776; 0.839; 0.361; 1.000),(0.322; 0.831; 0.016; 1.000)
(0.000; 0.824; 0.000; 1.000),(0.776; 0.839; 0.780; 1.000),(0.400; 0.878; 0.165; 1.000)
(0.000; 0.824; 0.318; 1.000),(0.000; 0.000; 0.000; 1.000),(0.439; 0.914; 0.314; 1.000)
(0.000; 0.824; 0.318; 1.000),(0.000; 0.000; 0.322; 1.000),(0.012; 0.380; 0.165; 1.000)
(0.000; 0.824; 0.318; 1.000),(0.000; 0.000; 0.714; 1.000),(0.000; 0.412; 0.361; 1.000)
(0.000; 0.824; 0.318; 1.000),(0.000; 0.408; 0.000; 1.000),(0.000; 0.427; 0.482; 1.000)
(0.000; 0.824; 0.318; 1.000),(0.000; 0.408; 0.463; 1.000),(0.004; 0.631; 0.153; 1.000)
(0.000; 0.824; 0.318; 1.000),(0.000; 0.408; 0.902; 1.000),(0.000; 0.620; 0.388; 1.000)
(0.000; 0.824; 0.318; 1.000),(0.000; 0.796; 0.000; 1.000),(0.016; 0.655; 0.541; 1.000)
(0.000; 0.824; 0.318; 1.000),(0.000; 0.796; 0.337; 1.000),(0.000; 0.816; 0.145; 1.000)
(0.000; 0.824; 0.318; 1.000),(0.000; 0.796; 0.788; 1.000),(0.000; 0.808; 0.329; 1.000)
(0.000; 0.824; 0.318; 1.000),(0.318; 0.000; 0.000; 1.000),(0.020; 0.839; 0.510; 1.000)
(0.000; 0.824; 0.318; 1.000),(0.318; 0.000; 0.463; 1.000),(0.231; 0.306; 0.180; 1.000)
(0.000; 0.824; 0.318; 1.000),(0.318; 0.000; 0.863; 1.000),(0.192; 0.380; 0.373; 1.000)
(0.000; 0.824; 0.318; 1.000),(0.318; 0.314; 0.000; 1.000),(0.176; 0.443; 0.545; 1.000)
(0.000; 0.824; 0.318; 1.000),(0.318; 0.314; 0.459; 1.000),(0.173; 0.537; 0.157; 1.000)
(0.000; 0.824; 0.318; 1.000),(0.318; 0.314; 0.784; 1.000),(0.169; 0.569; 0.380; 1.000)
(0.000; 0.824; 0.318; 1.000),(0.318; 0.718; 0.000; 1.000),(0.180; 0.612; 0.502; 1.000)
(0.000; 0.824; 0.318; 1.000),(0.318; 0.718; 0.361; 1.000),(0.137; 0.773; 0.137; 1.000)
(0.000; 0.824; 0.318; 1.000),(0.318; 0.718; 0.737; 1.000),(0.157; 0.773; 0.341; 1.000)
(0.000; 0.824; 0.318; 1.000),(0.776; 0.000; 0.000; 1.000),(0.176; 0.800; 0.498; 1.000)
(0.000; 0.824; 0.318; 1.000),(0.776; 0.000; 0.365; 1.000),(0.467; 0.314; 0.184; 1.000)
(0.000; 0.824; 0.318; 1.000),(0.776; 0.000; 0.729; 1.000),(0.455; 0.329; 0.329; 1.000)
(0.000; 0.824; 0.318; 1.000),(0.776; 0.463; 0.000; 1.000),(0.424; 0.408; 0.510; 1.000)
(0.000; 0.824; 0.318; 1.000),(0.776; 0.463; 0.439; 1.000),(0.325; 0.635; 0.125; 1.000)
(0.000; 0.824; 0.318; 1.000),(0.776; 0.463; 0.898; 1.000),(0.400; 0.647; 0.376; 1.000)
(0.000; 0.824; 0.318; 1.000),(0.776; 0.839; 0.000; 1.000),(0.412; 0.682; 0.588; 1.000)
(0.000; 0.824; 0.318; 1.000),(0.776; 0.839; 0.361; 1.000),(0.286; 0.827; 0.153; 1.000)
(0.000; 0.824; 0.318; 1.000),(0.776; 0.839; 0.780; 1.000),(0.361; 0.863; 0.345; 1.000)
(0.000; 0.824; 0.647; 1.000),(0.000; 0.000; 0.000; 1.000),(0.392; 0.875; 0.537; 1.000)
(0.000; 0.824; 0.647; 1.000),(0.000; 0.000; 0.322; 1.000),(0.031; 0.380; 0.302; 1.000)
(0.000; 0.824; 0.647; 1.000),(0.000; 0.000; 0.714; 1.000),(0.000; 0.412; 0.580; 1.000)
(0.000; 0.824; 0.647; 1.000),(0.000; 0.408; 0.000; 1.000),(0.000; 0.404; 0.698; 1.000)
(0.000; 0.824; 0.647; 1.000),(0.000; 0.408; 0.463; 1.000),(0.035; 0.671; 0.267; 1.000)
(0.000; 0.824; 0.647; 1.000),(0.000; 0.408; 0.902; 1.000),(0.000; 0.624; 0.573; 1.000)
(0.000; 0.824; 0.647; 1.000),(0.000; 0.796; 0.000; 1.000),(0.000; 0.624; 0.765; 1.000)
(0.000; 0.824; 0.647; 1.000),(0.000; 0.796; 0.337; 1.000),(0.024; 0.851; 0.247; 1.000)
(0.000; 0.824; 0.647; 1.000),(0.000; 0.796; 0.788; 1.000),(0.008; 0.824; 0.471; 1.000)
(0.000; 0.824; 0.647; 1.000),(0.318; 0.000; 0.000; 1.000),(0.000; 0.812; 0.714; 1.000)
(0.000; 0.824; 0.647; 1.000),(0.318; 0.000; 0.463; 1.000),(0.231; 0.267; 0.333; 1.000)
(0.000; 0.824; 0.647; 1.000),(0.318; 0.000; 0.863; 1.000),(0.192; 0.337; 0.553; 1.000)
(0.000; 0.824; 0.647; 1.000),(0.318; 0.314; 0.000; 1.000),(0.165; 0.400; 0.749; 1.000)
(0.000; 0.824; 0.647; 1.000),(0.318; 0.314; 0.459; 1.000),(0.188; 0.549; 0.271; 1.000)
(0.000; 0.824; 0.647; 1.000),(0.318; 0.314; 0.784; 1.000),(0.169; 0.549; 0.549; 1.000)
(0.000; 0.824; 0.647; 1.000),(0.318; 0.718; 0.000; 1.000),(0.165; 0.569; 0.710; 1.000)
(0.000; 0.824; 0.647; 1.000),(0.318; 0.718; 0.361; 1.000),(0.157; 0.812; 0.224; 1.000)
(0.000; 0.824; 0.647; 1.000),(0.318; 0.718; 0.737; 1.000),(0.161; 0.780; 0.482; 1.000)
(0.000; 0.824; 0.647; 1.000),(0.776; 0.000; 0.000; 1.000),(0.157; 0.773; 0.694; 1.000)
(0.000; 0.824; 0.647; 1.000),(0.776; 0.000; 0.365; 1.000),(0.451; 0.282; 0.318; 1.000)
(0.000; 0.824; 0.647; 1.000),(0.776; 0.000; 0.729; 1.000),(0.439; 0.286; 0.482; 1.000)
(0.000; 0.824; 0.647; 1.000),(0.776; 0.463; 0.000; 1.000),(0.404; 0.357; 0.686; 1.000)
(0.000; 0.824; 0.647; 1.000),(0.776; 0.463; 0.439; 1.000),(0.329; 0.659; 0.200; 1.000)
(0.000; 0.824; 0.647; 1.000),(0.776; 0.463; 0.898; 1.000),(0.384; 0.620; 0.525; 1.000)
(0.000; 0.824; 0.647; 1.000),(0.776; 0.839; 0.000; 1.000),(0.380; 0.631; 0.784; 1.000)
(0.000; 0.824; 0.647; 1.000),(0.776; 0.839; 0.361; 1.000),(0.290; 0.863; 0.227; 1.000)
(0.000; 0.824; 0.647; 1.000),(0.776; 0.839; 0.780; 1.000),(0.345; 0.863; 0.486; 1.000)
(0.424; 0.000; 0.000; 1.000),(0.000; 0.000; 0.000; 1.000),(0.361; 0.843; 0.729; 1.000)
(0.424; 0.000; 0.000; 1.000),(0.000; 0.000; 0.322; 1.000),(0.231; 0.000; 0.012; 1.000)
(0.424; 0.000; 0.000; 1.000),(0.000; 0.000; 0.714; 1.000),(0.137; 0.000; 0.302; 1.000)
(0.424; 0.000; 0.000; 1.000),(0.000; 0.408; 0.000; 1.000),(0.212; 0.000; 0.388; 1.000)
(0.424; 0.000; 0.000; 1.000),(0.000; 0.408; 0.463; 1.000),(0.302; 0.169; 0.016; 1.000)
(0.424; 0.000; 0.000; 1.000),(0.000; 0.408; 0.902; 1.000),(0.251; 0.102; 0.278; 1.000)
(0.424; 0.000; 0.000; 1.000),(0.000; 0.796; 0.000; 1.000),(0.290; 0.059; 0.439; 1.000)
(0.424; 0.000; 0.000; 1.000),(0.000; 0.796; 0.337; 1.000),(0.322; 0.318; 0.012; 1.000)
(0.424; 0.000; 0.000; 1.000),(0.000; 0.796; 0.788; 1.000),(0.298; 0.275; 0.200; 1.000)
(0.424; 0.000; 0.000; 1.000),(0.318; 0.000; 0.000; 1.000),(0.306; 0.227; 0.396; 1.000)
(0.424; 0.000; 0.000; 1.000),(0.318; 0.000; 0.463; 1.000),(0.369; 0.000; 0.000; 1.000)
(0.424; 0.000; 0.000; 1.000),(0.318; 0.000; 0.863; 1.000),(0.369; 0.000; 0.235; 1.000)
(0.424; 0.000; 0.000; 1.000),(0.318; 0.314; 0.000; 1.000),(0.408; 0.000; 0.431; 1.000)
(0.424; 0.000; 0.000; 1.000),(0.318; 0.314; 0.459; 1.000),(0.412; 0.141; 0.000; 1.000)
(0.424; 0.000; 0.000; 1.000),(0.318; 0.314; 0.784; 1.000),(0.404; 0.098; 0.247; 1.000)
(0.424; 0.000; 0.000; 1.000),(0.318; 0.718; 0.000; 1.000),(0.431; 0.067; 0.388; 1.000)
(0.424; 0.000; 0.000; 1.000),(0.318; 0.718; 0.361; 1.000),(0.478; 0.271; 0.008; 1.000)
(0.424; 0.000; 0.000; 1.000),(0.318; 0.718; 0.737; 1.000),(0.463; 0.216; 0.216; 1.000)
(0.424; 0.000; 0.000; 1.000),(0.776; 0.000; 0.000; 1.000),(0.471; 0.176; 0.380; 1.000)
(0.424; 0.000; 0.000; 1.000),(0.776; 0.000; 0.365; 1.000),(0.588; 0.012; 0.000; 1.000)
(0.424; 0.000; 0.000; 1.000),(0.776; 0.000; 0.729; 1.000),(0.608; 0.000; 0.184; 1.000)
(0.424; 0.000; 0.000; 1.000),(0.776; 0.463; 0.000; 1.000),(0.631; 0.000; 0.392; 1.000)
(0.424; 0.000; 0.000; 1.000),(0.776; 0.463; 0.439; 1.000),(0.616; 0.184; 0.000; 1.000)
(0.424; 0.000; 0.000; 1.000),(0.776; 0.463; 0.898; 1.000),(0.635; 0.161; 0.255; 1.000)
(0.424; 0.000; 0.000; 1.000),(0.776; 0.839; 0.000; 1.000),(0.667; 0.118; 0.486; 1.000)
(0.424; 0.000; 0.000; 1.000),(0.776; 0.839; 0.361; 1.000),(0.643; 0.298; 0.055; 1.000)
(0.424; 0.000; 0.000; 1.000),(0.776; 0.839; 0.780; 1.000),(0.667; 0.275; 0.247; 1.000)
(0.424; 0.000; 0.435; 1.000),(0.000; 0.000; 0.000; 1.000),(0.682; 0.243; 0.439; 1.000)
(0.424; 0.000; 0.435; 1.000),(0.000; 0.000; 0.322; 1.000),(0.224; 0.024; 0.200; 1.000)
(0.424; 0.000; 0.435; 1.000),(0.000; 0.000; 0.714; 1.000),(0.141; 0.000; 0.502; 1.000)
(0.424; 0.000; 0.435; 1.000),(0.000; 0.408; 0.000; 1.000),(0.204; 0.000; 0.600; 1.000)
(0.424; 0.000; 0.435; 1.000),(0.000; 0.408; 0.463; 1.000),(0.271; 0.239; 0.180; 1.000)
(0.424; 0.000; 0.435; 1.000),(0.000; 0.408; 0.902; 1.000),(0.227; 0.161; 0.475; 1.000)
(0.424; 0.000; 0.435; 1.000),(0.000; 0.796; 0.000; 1.000),(0.251; 0.122; 0.659; 1.000)
(0.424; 0.000; 0.435; 1.000),(0.000; 0.796; 0.337; 1.000),(0.267; 0.408; 0.169; 1.000)
(0.424; 0.000; 0.435; 1.000),(0.000; 0.796; 0.788; 1.000),(0.255; 0.357; 0.376; 1.000)
(0.424; 0.000; 0.435; 1.000),(0.318; 0.000; 0.000; 1.000),(0.255; 0.306; 0.604; 1.000)
(0.424; 0.000; 0.435; 1.000),(0.318; 0.000; 0.463; 1.000),(0.376; 0.000; 0.220; 1.000)
(0.424; 0.000; 0.435; 1.000),(0.318; 0.000; 0.863; 1.000),(0.369; 0.000; 0.451; 1.000)
(0.424; 0.000; 0.435; 1.000),(0.318; 0.314; 0.000; 1.000),(0.384; 0.000; 0.643; 1.000)
(0.424; 0.000; 0.435; 1.000),(0.318; 0.314; 0.459; 1.000),(0.388; 0.188; 0.169; 1.000)
(0.424; 0.000; 0.435; 1.000),(0.318; 0.314; 0.784; 1.000),(0.380; 0.137; 0.447; 1.000)
(0.424; 0.000; 0.435; 1.000),(0.318; 0.718; 0.000; 1.000),(0.396; 0.114; 0.600; 1.000)
(0.424; 0.000; 0.435; 1.000),(0.318; 0.718; 0.361; 1.000),(0.408; 0.369; 0.153; 1.000)
(0.424; 0.000; 0.435; 1.000),(0.318; 0.718; 0.737; 1.000),(0.412; 0.306; 0.392; 1.000)
(0.424; 0.000; 0.435; 1.000),(0.776; 0.000; 0.000; 1.000),(0.416; 0.263; 0.584; 1.000)
(0.424; 0.000; 0.435; 1.000),(0.776; 0.000; 0.365; 1.000),(0.576; 0.035; 0.196; 1.000)
(0.424; 0.000; 0.435; 1.000),(0.776; 0.000; 0.729; 1.000),(0.588; 0.000; 0.380; 1.000)
(0.424; 0.000; 0.435; 1.000),(0.776; 0.463; 0.000; 1.000),(0.600; 0.000; 0.588; 1.000)
(0.424; 0.000; 0.435; 1.000),(0.776; 0.463; 0.439; 1.000),(0.549; 0.271; 0.122; 1.000)
(0.424; 0.000; 0.435; 1.000),(0.776; 0.463; 0.898; 1.000),(0.592; 0.216; 0.431; 1.000)
(0.424; 0.000; 0.435; 1.000),(0.776; 0.839; 0.000; 1.000),(0.612; 0.176; 0.682; 1.000)
(0.424; 0.000; 0.435; 1.000),(0.776; 0.839; 0.361; 1.000),(0.549; 0.416; 0.176; 1.000)
(0.424; 0.000; 0.435; 1.000),(0.776; 0.839; 0.780; 1.000),(0.596; 0.380; 0.404; 1.000)
(0.424; 0.000; 0.812; 1.000),(0.000; 0.000; 0.000; 1.000),(0.612; 0.333; 0.624; 1.000)
(0.424; 0.000; 0.812; 1.000),(0.000; 0.000; 0.322; 1.000),(0.231; 0.035; 0.373; 1.000)
(0.424; 0.000; 0.812; 1.000),(0.000; 0.000; 0.714; 1.000),(0.133; 0.020; 0.690; 1.000)
(0.424; 0.000; 0.812; 1.000),(0.000; 0.408; 0.000; 1.000),(0.188; 0.000; 0.796; 1.000)
(0.424; 0.000; 0.812; 1.000),(0.000; 0.408; 0.463; 1.000),(0.263; 0.298; 0.333; 1.000)
(0.424; 0.000; 0.812; 1.000),(0.000; 0.408; 0.902; 1.000),(0.208; 0.216; 0.659; 1.000)
(0.424; 0.000; 0.812; 1.000),(0.000; 0.796; 0.000; 1.000),(0.220; 0.180; 0.859; 1.000)
(0.424; 0.000; 0.812; 1.000),(0.000; 0.796; 0.337; 1.000),(0.251; 0.471; 0.314; 1.000)
(0.424; 0.000; 0.812; 1.000),(0.000; 0.796; 0.788; 1.000),(0.235; 0.424; 0.545; 1.000)
(0.424; 0.000; 0.812; 1.000),(0.318; 0.000; 0.000; 1.000),(0.224; 0.373; 0.796; 1.000)
(0.424; 0.000; 0.812; 1.000),(0.318; 0.000; 0.463; 1.000),(0.404; 0.000; 0.404; 1.000)
(0.424; 0.000; 0.812; 1.000),(0.318; 0.000; 0.863; 1.000),(0.376; 0.000; 0.639; 1.000)
(0.424; 0.000; 0.812; 1.000),(0.318; 0.314; 0.000; 1.000),(0.369; 0.000; 0.839; 1.000)
(0.424; 0.000; 0.812; 1.000),(0.318; 0.314; 0.459; 1.000),(0.392; 0.208; 0.329; 1.000)
(0.424; 0.000; 0.812; 1.000),(0.318; 0.314; 0.784; 1.000),(0.373; 0.165; 0.627; 1.000)
(0.424; 0.000; 0.812; 1.000),(0.318; 0.718; 0.000; 1.000),(0.373; 0.153; 0.796; 1.000)
(0.424; 0.000; 0.812; 1.000),(0.318; 0.718; 0.361; 1.000),(0.388; 0.439; 0.286; 1.000)
(0.424; 0.000; 0.812; 1.000),(0.318; 0.718; 0.737; 1.000),(0.384; 0.376; 0.553; 1.000)
(0.424; 0.000; 0.812; 1.000),(0.776; 0.000; 0.000; 1.000),(0.380; 0.333; 0.773; 1.000)
(0.424; 0.000; 0.812; 1.000),(0.776; 0.000; 0.365; 1.000),(0.608; 0.000; 0.380; 1.000)
(0.424; 0.000; 0.812; 1.000),(0.776; 0.000; 0.729; 1.000),(0.608; 0.000; 0.557; 1.000)
(0.424; 0.000; 0.812; 1.000),(0.776; 0.463; 0.000; 1.000),(0.596; 0.000; 0.765; 1.000)
(0.424; 0.000; 0.812; 1.000),(0.776; 0.463; 0.439; 1.000),(0.537; 0.314; 0.255; 1.000)
(0.424; 0.000; 0.812; 1.000),(0.776; 0.463; 0.898; 1.000),(0.580; 0.243; 0.600; 1.000)
(0.424; 0.000; 0.812; 1.000),(0.776; 0.839; 0.000; 1.000),(0.584; 0.216; 0.867; 1.000)
(0.424; 0.000; 0.812; 1.000),(0.776; 0.839; 0.361; 1.000),(0.518; 0.490; 0.298; 1.000)
(0.424; 0.000; 0.812; 1.000),(0.776; 0.839; 0.780; 1.000),(0.565; 0.455; 0.557; 1.000)
(0.424; 0.376; 0.000; 1.000),(0.000; 0.000; 0.000; 1.000),(0.576; 0.404; 0.808; 1.000)
(0.424; 0.376; 0.000; 1.000),(0.000; 0.000; 0.322; 1.000),(0.188; 0.192; 0.000; 1.000)
(0.424; 0.376; 0.000; 1.000),(0.000; 0.000; 0.714; 1.000),(0.082; 0.204; 0.157; 1.000)
(0.424; 0.376; 0.000; 1.000),(0.000; 0.408; 0.000; 1.000),(0.165; 0.224; 0.259; 1.000)
(0.424; 0.376; 0.000; 1.000),(0.000; 0.408; 0.463; 1.000),(0.200; 0.396; 0.012; 1.000)
(0.424; 0.376; 0.000; 1.000),(0.000; 0.408; 0.902; 1.000),(0.173; 0.388; 0.188; 1.000)
(0.424; 0.376; 0.000; 1.000),(0.000; 0.796; 0.000; 1.000),(0.224; 0.416; 0.298; 1.000)
(0.424; 0.376; 0.000; 1.000),(0.000; 0.796; 0.337; 1.000),(0.224; 0.573; 0.008; 1.000)
(0.424; 0.376; 0.000; 1.000),(0.000; 0.796; 0.788; 1.000),(0.212; 0.565; 0.153; 1.000)
(0.424; 0.376; 0.000; 1.000),(0.318; 0.000; 0.000; 1.000),(0.239; 0.592; 0.282; 1.000)
(0.424; 0.376; 0.000; 1.000),(0.318; 0.000; 0.463; 1.000),(0.396; 0.173; 0.000; 1.000)
(0.424; 0.376; 0.000; 1.000),(0.318; 0.000; 0.863; 1.000),(0.365; 0.227; 0.153; 1.000)
(0.424; 0.376; 0.000; 1.000),(0.318; 0.314; 0.000; 1.000),(0.373; 0.247; 0.318; 1.000)
(0.424; 0.376; 0.000; 1.000),(0.318; 0.314; 0.459; 1.000),(0.369; 0.345; 0.000; 1.000)
(0.424; 0.376; 0.000; 1.000),(0.318; 0.314; 0.784; 1.000),(0.361; 0.369; 0.176; 1.000)
(0.424; 0.376; 0.000; 1.000),(0.318; 0.718; 0.000; 1.000),(0.388; 0.404; 0.267; 1.000)
(0.424; 0.376; 0.000; 1.000),(0.318; 0.718; 0.361; 1.000),(0.380; 0.529; 0.016; 1.000)
(0.424; 0.376; 0.000; 1.000),(0.318; 0.718; 0.737; 1.000),(0.380; 0.522; 0.169; 1.000)
(0.424; 0.376; 0.000; 1.000),(0.776; 0.000; 0.000; 1.000),(0.404; 0.549; 0.271; 1.000)
(0.424; 0.376; 0.000; 1.000),(0.776; 0.000; 0.365; 1.000),(0.659; 0.173; 0.000; 1.000)
(0.424; 0.376; 0.000; 1.000),(0.776; 0.000; 0.729; 1.000),(0.647; 0.188; 0.129; 1.000)
(0.424; 0.376; 0.000; 1.000),(0.776; 0.463; 0.000; 1.000),(0.631; 0.239; 0.298; 1.000)
(0.424; 0.376; 0.000; 1.000),(0.776; 0.463; 0.439; 1.000),(0.576; 0.420; 0.000; 1.000)
(0.424; 0.376; 0.000; 1.000),(0.776; 0.463; 0.898; 1.000),(0.624; 0.443; 0.188; 1.000)
(0.424; 0.376; 0.000; 1.000),(0.776; 0.839; 0.000; 1.000),(0.643; 0.467; 0.361; 1.000)
(0.424; 0.376; 0.000; 1.000),(0.776; 0.839; 0.361; 1.000),(0.569; 0.580; 0.043; 1.000)
(0.424; 0.376; 0.000; 1.000),(0.776; 0.839; 0.780; 1.000),(0.616; 0.604; 0.180; 1.000)
(0.424; 0.376; 0.443; 1.000),(0.000; 0.000; 0.000; 1.000),(0.647; 0.624; 0.314; 1.000)
(0.424; 0.376; 0.443; 1.000),(0.000; 0.000; 0.322; 1.000),(0.216; 0.196; 0.220; 1.000)
(0.424; 0.376; 0.443; 1.000),(0.000; 0.000; 0.714; 1.000),(0.114; 0.200; 0.490; 1.000)
(0.424; 0.376; 0.443; 1.000),(0.000; 0.408; 0.000; 1.000),(0.180; 0.192; 0.592; 1.000)
(0.424; 0.376; 0.443; 1.000),(0.000; 0.408; 0.463; 1.000),(0.239; 0.447; 0.200; 1.000)
(0.424; 0.376; 0.443; 1.000),(0.000; 0.408; 0.902; 1.000),(0.192; 0.392; 0.475; 1.000)
(0.424; 0.376; 0.443; 1.000),(0.000; 0.796; 0.000; 1.000),(0.216; 0.380; 0.647; 1.000)
(0.424; 0.376; 0.443; 1.000),(0.000; 0.796; 0.337; 1.000),(0.239; 0.620; 0.184; 1.000)
(0.424; 0.376; 0.443; 1.000),(0.000; 0.796; 0.788; 1.000),(0.224; 0.588; 0.388; 1.000)
(0.424; 0.376; 0.443; 1.000),(0.318; 0.000; 0.000; 1.000),(0.224; 0.565; 0.600; 1.000)
(0.424; 0.376; 0.443; 1.000),(0.318; 0.000; 0.463; 1.000),(0.404; 0.129; 0.235; 1.000)
(0.424; 0.376; 0.443; 1.000),(0.318; 0.000; 0.863; 1.000),(0.376; 0.173; 0.451; 1.000)
(0.424; 0.376; 0.443; 1.000),(0.318; 0.314; 0.000; 1.000),(0.369; 0.196; 0.639; 1.000)
(0.424; 0.376; 0.443; 1.000),(0.318; 0.314; 0.459; 1.000),(0.380; 0.361; 0.196; 1.000)
(0.424; 0.376; 0.443; 1.000),(0.318; 0.314; 0.784; 1.000),(0.369; 0.345; 0.451; 1.000)
(0.424; 0.376; 0.443; 1.000),(0.318; 0.718; 0.000; 1.000),(0.376; 0.353; 0.592; 1.000)
(0.424; 0.376; 0.443; 1.000),(0.318; 0.718; 0.361; 1.000),(0.380; 0.580; 0.169; 1.000)
(0.424; 0.376; 0.443; 1.000),(0.318; 0.718; 0.737; 1.000),(0.380; 0.541; 0.400; 1.000)
(0.424; 0.376; 0.443; 1.000),(0.776; 0.000; 0.000; 1.000),(0.384; 0.525; 0.580; 1.000)
(0.424; 0.376; 0.443; 1.000),(0.776; 0.000; 0.365; 1.000),(0.624; 0.153; 0.231; 1.000)
(0.424; 0.376; 0.443; 1.000),(0.776; 0.000; 0.729; 1.000),(0.620; 0.145; 0.392; 1.000)
(0.424; 0.376; 0.443; 1.000),(0.776; 0.463; 0.000; 1.000),(0.604; 0.180; 0.584; 1.000)
(0.424; 0.376; 0.443; 1.000),(0.776; 0.463; 0.439; 1.000),(0.545; 0.455; 0.149; 1.000)
(0.424; 0.376; 0.443; 1.000),(0.776; 0.463; 0.898; 1.000),(0.592; 0.420; 0.435; 1.000)
(0.424; 0.376; 0.443; 1.000),(0.776; 0.839; 0.000; 1.000),(0.600; 0.416; 0.671; 1.000)
(0.424; 0.376; 0.443; 1.000),(0.776; 0.839; 0.361; 1.000),(0.529; 0.627; 0.188; 1.000)
(0.424; 0.376; 0.443; 1.000),(0.776; 0.839; 0.780; 1.000),(0.576; 0.620; 0.404; 1.000)
(0.424; 0.376; 0.855; 1.000),(0.000; 0.000; 0.000; 1.000),(0.592; 0.596; 0.616; 1.000)
(0.424; 0.376; 0.855; 1.000),(0.000; 0.000; 0.322; 1.000),(0.243; 0.212; 0.392; 1.000)
(0.424; 0.376; 0.855; 1.000),(0.000; 0.000; 0.714; 1.000),(0.106; 0.216; 0.749; 1.000)
(0.424; 0.376; 0.855; 1.000),(0.000; 0.408; 0.000; 1.000),(0.173; 0.192; 0.839; 1.000)
(0.424; 0.376; 0.855; 1.000),(0.000; 0.408; 0.463; 1.000),(0.267; 0.514; 0.345; 1.000)
(0.424; 0.376; 0.855; 1.000),(0.000; 0.408; 0.902; 1.000),(0.196; 0.424; 0.694; 1.000)
(0.424; 0.376; 0.855; 1.000),(0.000; 0.796; 0.000; 1.000),(0.196; 0.388; 0.898; 1.000)
(0.424; 0.376; 0.855; 1.000),(0.000; 0.796; 0.337; 1.000),(0.263; 0.686; 0.314; 1.000)
(0.424; 0.376; 0.855; 1.000),(0.000; 0.796; 0.788; 1.000),(0.235; 0.635; 0.557; 1.000)
(0.424; 0.376; 0.855; 1.000),(0.318; 0.000; 0.000; 1.000),(0.212; 0.584; 0.824; 1.000)
(0.424; 0.376; 0.855; 1.000),(0.318; 0.000; 0.463; 1.000),(0.435; 0.094; 0.424; 1.000)
(0.424; 0.376; 0.855; 1.000),(0.318; 0.000; 0.863; 1.000),(0.392; 0.141; 0.663; 1.000)
(0.424; 0.376; 0.855; 1.000),(0.318; 0.314; 0.000; 1.000),(0.365; 0.184; 0.867; 1.000)
(0.424; 0.376; 0.855; 1.000),(0.318; 0.314; 0.459; 1.000),(0.412; 0.388; 0.337; 1.000)
(0.424; 0.376; 0.855; 1.000),(0.318; 0.314; 0.784; 1.000),(0.376; 0.349; 0.647; 1.000)
(0.424; 0.376; 0.855; 1.000),(0.318; 0.718; 0.000; 1.000),(0.369; 0.345; 0.824; 1.000)
(0.424; 0.376; 0.855; 1.000),(0.318; 0.718; 0.361; 1.000),(0.408; 0.655; 0.275; 1.000)
(0.424; 0.376; 0.855; 1.000),(0.318; 0.718; 0.737; 1.000),(0.392; 0.588; 0.565; 1.000)
(0.424; 0.376; 0.855; 1.000),(0.776; 0.000; 0.000; 1.000),(0.373; 0.545; 0.792; 1.000)
(0.424; 0.376; 0.855; 1.000),(0.776; 0.000; 0.365; 1.000),(0.651; 0.129; 0.400; 1.000)
(0.424; 0.376; 0.855; 1.000),(0.776; 0.000; 0.729; 1.000),(0.639; 0.114; 0.569; 1.000)
(0.424; 0.376; 0.855; 1.000),(0.776; 0.463; 0.000; 1.000),(0.612; 0.161; 0.776; 1.000)
(0.424; 0.376; 0.855; 1.000),(0.776; 0.463; 0.439; 1.000),(0.573; 0.506; 0.247; 1.000)
(0.424; 0.376; 0.855; 1.000),(0.776; 0.463; 0.898; 1.000),(0.600; 0.427; 0.604; 1.000)
(0.424; 0.376; 0.855; 1.000),(0.776; 0.839; 0.000; 1.000),(0.592; 0.412; 0.875; 1.000)
(0.424; 0.376; 0.855; 1.000),(0.776; 0.839; 0.361; 1.000),(0.549; 0.702; 0.275; 1.000)
(0.424; 0.376; 0.855; 1.000),(0.776; 0.839; 0.780; 1.000),(0.580; 0.663; 0.557; 1.000)
(0.424; 0.816; 0.000; 1.000),(0.000; 0.000; 0.000; 1.000),(0.580; 0.616; 0.816; 1.000)
(0.424; 0.816; 0.000; 1.000),(0.000; 0.000; 0.322; 1.000),(0.169; 0.384; 0.020; 1.000)
(0.424; 0.816; 0.000; 1.000),(0.000; 0.000; 0.714; 1.000),(0.016; 0.424; 0.169; 1.000)
(0.424; 0.816; 0.000; 1.000),(0.000; 0.408; 0.000; 1.000),(0.114; 0.455; 0.263; 1.000)
(0.424; 0.816; 0.000; 1.000),(0.000; 0.408; 0.463; 1.000),(0.157; 0.620; 0.024; 1.000)
(0.424; 0.816; 0.000; 1.000),(0.000; 0.408; 0.902; 1.000),(0.118; 0.631; 0.192; 1.000)
(0.424; 0.816; 0.000; 1.000),(0.000; 0.796; 0.000; 1.000),(0.173; 0.686; 0.286; 1.000)
(0.424; 0.816; 0.000; 1.000),(0.000; 0.796; 0.337; 1.000),(0.196; 0.808; 0.004; 1.000)
(0.424; 0.816; 0.000; 1.000),(0.000; 0.796; 0.788; 1.000),(0.176; 0.808; 0.153; 1.000)
(0.424; 0.816; 0.000; 1.000),(0.318; 0.000; 0.000; 1.000),(0.200; 0.863; 0.267; 1.000)
(0.424; 0.816; 0.000; 1.000),(0.318; 0.000; 0.463; 1.000),(0.427; 0.322; 0.016; 1.000)
(0.424; 0.816; 0.000; 1.000),(0.318; 0.000; 0.863; 1.000),(0.361; 0.412; 0.169; 1.000)
(0.424; 0.816; 0.000; 1.000),(0.318; 0.314; 0.000; 1.000),(0.349; 0.482; 0.314; 1.000)
(0.424; 0.816; 0.000; 1.000),(0.318; 0.314; 0.459; 1.000),(0.365; 0.537; 0.024; 1.000)
(0.424; 0.816; 0.000; 1.000),(0.318; 0.314; 0.784; 1.000),(0.341; 0.592; 0.184; 1.000)
(0.424; 0.816; 0.000; 1.000),(0.318; 0.718; 0.000; 1.000),(0.365; 0.655; 0.255; 1.000)
(0.424; 0.816; 0.000; 1.000),(0.318; 0.718; 0.361; 1.000),(0.369; 0.769; 0.000; 1.000)
(0.424; 0.816; 0.000; 1.000),(0.318; 0.718; 0.737; 1.000),(0.353; 0.773; 0.157; 1.000)
(0.424; 0.816; 0.000; 1.000),(0.776; 0.000; 0.000; 1.000),(0.376; 0.820; 0.251; 1.000)
(0.424; 0.816; 0.000; 1.000),(0.776; 0.000; 0.365; 1.000),(0.733; 0.302; 0.047; 1.000)
(0.424; 0.816; 0.000; 1.000),(0.776; 0.000; 0.729; 1.000),(0.698; 0.349; 0.161; 1.000)
(0.424; 0.816; 0.000; 1.000),(0.776; 0.463; 0.000; 1.000),(0.651; 0.443; 0.294; 1.000)
(0.424; 0.816; 0.000; 1.000),(0.776; 0.463; 0.439; 1.000),(0.604; 0.627; 0.004; 1.000)
(0.424; 0.816; 0.000; 1.000),(0.776; 0.463; 0.898; 1.000),(0.643; 0.659; 0.184; 1.000)
(0.424; 0.816; 0.000; 1.000),(0.776; 0.839; 0.000; 1.000),(0.651; 0.718; 0.337; 1.000)
(0.424; 0.816; 0.000; 1.000),(0.776; 0.839; 0.361; 1.000),(0.584; 0.824; 0.004; 1.000)
(0.424; 0.816; 0.000; 1.000),(0.776; 0.839; 0.780; 1.000),(0.620; 0.851; 0.149; 1.000)
(0.424; 0.816; 0.463; 1.000),(0.000; 0.000; 0.000; 1.000),(0.651; 0.886; 0.278; 1.000)
(0.424; 0.816; 0.463; 1.000),(0.000; 0.000; 0.322; 1.000),(0.220; 0.376; 0.247; 1.000)
(0.424; 0.816; 0.463; 1.000),(0.000; 0.000; 0.714; 1.000),(0.078; 0.427; 0.510; 1.000)
(0.424; 0.816; 0.463; 1.000),(0.000; 0.408; 0.000; 1.000),(0.157; 0.420; 0.604; 1.000)
(0.424; 0.816; 0.463; 1.000),(0.000; 0.408; 0.463; 1.000),(0.224; 0.663; 0.224; 1.000)
(0.424; 0.816; 0.463; 1.000),(0.000; 0.408; 0.902; 1.000),(0.165; 0.631; 0.494; 1.000)
(0.424; 0.816; 0.463; 1.000),(0.000; 0.796; 0.000; 1.000),(0.192; 0.639; 0.655; 1.000)
(0.424; 0.816; 0.463; 1.000),(0.000; 0.796; 0.337; 1.000),(0.231; 0.835; 0.200; 1.000)
(0.424; 0.816; 0.463; 1.000),(0.000; 0.796; 0.788; 1.000),(0.212; 0.816; 0.404; 1.000)
(0.424; 0.816; 0.463; 1.000),(0.318; 0.000; 0.000; 1.000),(0.208; 0.820; 0.608; 1.000)
(0.424; 0.816; 0.463; 1.000),(0.318; 0.000; 0.463; 1.000),(0.439; 0.263; 0.263; 1.000)
(0.424; 0.816; 0.463; 1.000),(0.318; 0.000; 0.863; 1.000),(0.388; 0.345; 0.467; 1.000)
(0.424; 0.816; 0.463; 1.000),(0.318; 0.314; 0.000; 1.000),(0.365; 0.416; 0.647; 1.000)
(0.424; 0.816; 0.463; 1.000),(0.318; 0.314; 0.459; 1.000),(0.396; 0.537; 0.220; 1.000)
(0.424; 0.816; 0.463; 1.000),(0.318; 0.314; 0.784; 1.000),(0.369; 0.553; 0.467; 1.000)
(0.424; 0.816; 0.463; 1.000),(0.318; 0.718; 0.000; 1.000),(0.369; 0.584; 0.600; 1.000)
(0.424; 0.816; 0.463; 1.000),(0.318; 0.718; 0.361; 1.000),(0.384; 0.792; 0.176; 1.000)
(0.424; 0.816; 0.463; 1.000),(0.318; 0.718; 0.737; 1.000),(0.373; 0.773; 0.412; 1.000)
(0.424; 0.816; 0.463; 1.000),(0.776; 0.000; 0.000; 1.000),(0.373; 0.776; 0.584; 1.000)
(0.424; 0.816; 0.463; 1.000),(0.776; 0.000; 0.365; 1.000),(0.686; 0.263; 0.271; 1.000)
(0.424; 0.816; 0.463; 1.000),(0.776; 0.000; 0.729; 1.000),(0.667; 0.286; 0.412; 1.000)
(0.424; 0.816; 0.463; 1.000),(0.776; 0.463; 0.000; 1.000),(0.627; 0.369; 0.588; 1.000)
(0.424; 0.816; 0.463; 1.000),(0.776; 0.463; 0.439; 1.000),(0.576; 0.631; 0.161; 1.000)
(0.424; 0.816; 0.463; 1.000),(0.776; 0.463; 0.898; 1.000),(0.612; 0.612; 0.443; 1.000)
(0.424; 0.816; 0.463; 1.000),(0.776; 0.839; 0.000; 1.000),(0.612; 0.643; 0.671; 1.000)
(0.424; 0.816; 0.463; 1.000),(0.776; 0.839; 0.361; 1.000),(0.549; 0.835; 0.176; 1.000)
(0.424; 0.816; 0.463; 1.000),(0.776; 0.839; 0.780; 1.000),(0.588; 0.835; 0.408; 1.000)
(0.424; 0.816; 0.788; 1.000),(0.000; 0.000; 0.000; 1.000),(0.604; 0.835; 0.612; 1.000)
(0.424; 0.816; 0.788; 1.000),(0.000; 0.000; 0.322; 1.000),(0.243; 0.388; 0.376; 1.000)
(0.424; 0.816; 0.788; 1.000),(0.000; 0.000; 0.714; 1.000),(0.075; 0.427; 0.733; 1.000)
(0.424; 0.816; 0.788; 1.000),(0.000; 0.408; 0.000; 1.000),(0.153; 0.404; 0.812; 1.000)
(0.424; 0.816; 0.788; 1.000),(0.000; 0.408; 0.463; 1.000),(0.255; 0.710; 0.337; 1.000)
(0.424; 0.816; 0.788; 1.000),(0.000; 0.408; 0.902; 1.000),(0.173; 0.639; 0.675; 1.000)
(0.424; 0.816; 0.788; 1.000),(0.000; 0.796; 0.000; 1.000),(0.180; 0.620; 0.867; 1.000)
(0.424; 0.816; 0.788; 1.000),(0.000; 0.796; 0.337; 1.000),(0.263; 0.882; 0.298; 1.000)
(0.424; 0.816; 0.788; 1.000),(0.000; 0.796; 0.788; 1.000),(0.227; 0.843; 0.541; 1.000)
(0.424; 0.816; 0.788; 1.000),(0.318; 0.000; 0.000; 1.000),(0.204; 0.808; 0.796; 1.000)
(0.424; 0.816; 0.788; 1.000),(0.318; 0.000; 0.463; 1.000),(0.455; 0.243; 0.404; 1.000)
(0.424; 0.816; 0.788; 1.000),(0.318; 0.000; 0.863; 1.000),(0.396; 0.318; 0.635; 1.000)
(0.424; 0.816; 0.788; 1.000),(0.318; 0.314; 0.000; 1.000),(0.361; 0.388; 0.835; 1.000)
(0.424; 0.816; 0.788; 1.000),(0.318; 0.314; 0.459; 1.000),(0.420; 0.557; 0.325; 1.000)
(0.424; 0.816; 0.788; 1.000),(0.318; 0.314; 0.784; 1.000),(0.376; 0.545; 0.627; 1.000)
(0.424; 0.816; 0.788; 1.000),(0.318; 0.718; 0.000; 1.000),(0.365; 0.557; 0.788; 1.000)
(0.424; 0.816; 0.788; 1.000),(0.318; 0.718; 0.361; 1.000),(0.416; 0.843; 0.259; 1.000)
(0.424; 0.816; 0.788; 1.000),(0.318; 0.718; 0.737; 1.000),(0.384; 0.792; 0.545; 1.000)
(0.424; 0.816; 0.788; 1.000),(0.776; 0.000; 0.000; 1.000),(0.369; 0.769; 0.765; 1.000)
(0.424; 0.816; 0.788; 1.000),(0.776; 0.000; 0.365; 1.000),(0.694; 0.255; 0.392; 1.000)
(0.424; 0.816; 0.788; 1.000),(0.776; 0.000; 0.729; 1.000),(0.671; 0.267; 0.549; 1.000)
(0.424; 0.816; 0.788; 1.000),(0.776; 0.463; 0.000; 1.000),(0.627; 0.345; 0.745; 1.000)
(0.424; 0.816; 0.788; 1.000),(0.776; 0.463; 0.439; 1.000),(0.592; 0.667; 0.235; 1.000)
(0.424; 0.816; 0.788; 1.000),(0.776; 0.463; 0.898; 1.000),(0.616; 0.608; 0.580; 1.000)
(0.424; 0.816; 0.788; 1.000),(0.776; 0.839; 0.000; 1.000),(0.604; 0.620; 0.839; 1.000)
(0.424; 0.816; 0.788; 1.000),(0.776; 0.839; 0.361; 1.000),(0.569; 0.878; 0.251; 1.000)
(0.424; 0.816; 0.788; 1.000),(0.776; 0.839; 0.780; 1.000),(0.592; 0.855; 0.533; 1.000)
(0.831; 0.000; 0.000; 1.000),(0.000; 0.000; 0.000; 1.000),(0.592; 0.827; 0.784; 1.000)
(0.831; 0.000; 0.000; 1.000),(0.000; 0.000; 0.322; 1.000),(0.400; 0.027; 0.000; 1.000)
(0.831; 0.000; 0.000; 1.000),(0.000; 0.000; 0.714; 1.000),(0.247; 0.039; 0.263; 1.000)
(0.831; 0.000; 0.000; 1.000),(0.000; 0.408; 0.000; 1.000),(0.349; 0.004; 0.337; 1.000)
(0.831; 0.000; 0.000; 1.000),(0.000; 0.408; 0.463; 1.000),(0.478; 0.204; 0.016; 1.000)
(0.831; 0.000; 0.000; 1.000),(0.000; 0.408; 0.902; 1.000),(0.396; 0.153; 0.247; 1.000)
(0.831; 0.000; 0.000; 1.000),(0.000; 0.796; 0.000; 1.000),(0.439; 0.122; 0.380; 1.000)
(0.831; 0.000; 0.000; 1.000),(0.000; 0.796; 0.337; 1.000),(0.522; 0.341; 0.024; 1.000)
(0.831; 0.000; 0.000; 1.000),(0.000; 0.796; 0.788; 1.000),(0.475; 0.310; 0.192; 1.000)
(0.831; 0.000; 0.000; 1.000),(0.318; 0.000; 0.000; 1.000),(0.471; 0.286; 0.353; 1.000)
(0.831; 0.000; 0.000; 1.000),(0.318; 0.000; 0.463; 1.000),(0.549; 0.024; 0.000; 1.000)
(0.831; 0.000; 0.000; 1.000),(0.318; 0.000; 0.863; 1.000),(0.529; 0.047; 0.192; 1.000)
(0.831; 0.000; 0.000; 1.000),(0.318; 0.314; 0.000; 1.000),(0.565; 0.004; 0.380; 1.000)
(0.831; 0.000; 0.000; 1.000),(0.318; 0.314; 0.459; 1.000),(0.604; 0.161; 0.000; 1.000)
(0.831; 0.000; 0.000; 1.000),(0.318; 0.314; 0.784; 1.000),(0.569; 0.145; 0.220; 1.000)
(0.831; 0.000; 0.000; 1.000),(0.318; 0.718; 0.000; 1.000),(0.592; 0.133; 0.341; 1.000)
(0.831; 0.000; 0.000; 1.000),(0.318; 0.718; 0.361; 1.000),(0.706; 0.286; 0.031; 1.000)
(0.831; 0.000; 0.000; 1.000),(0.318; 0.718; 0.737; 1.000),(0.647; 0.251; 0.212; 1.000)
(0.831; 0.000; 0.000; 1.000),(0.776; 0.000; 0.000; 1.000),(0.643; 0.231; 0.345; 1.000)
(0.831; 0.000; 0.000; 1.000),(0.776; 0.000; 0.365; 1.000),(0.804; 0.000; 0.000; 1.000)
(0.831; 0.000; 0.000; 1.000),(0.776; 0.000; 0.729; 1.000),(0.800; 0.016; 0.188; 1.000)
(0.831; 0.000; 0.000; 1.000),(0.776; 0.463; 0.000; 1.000),(0.808; 0.020; 0.376; 1.000)
(0.831; 0.000; 0.000; 1.000),(0.776; 0.463; 0.439; 1.000),(0.867; 0.184; 0.008; 1.000)
(0.831; 0.000; 0.000; 1.000),(0.776; 0.463; 0.898; 1.000),(0.831; 0.204; 0.263; 1.000)
(0.831; 0.000; 0.000; 1.000),(0.776; 0.839; 0.000; 1.000),(0.847; 0.192; 0.467; 1.000)
(0.831; 0.000; 0.000; 1.000),(0.776; 0.839; 0.361; 1.000),(0.914; 0.298; 0.094; 1.000)
(0.831; 0.000; 0.000; 1.000),(0.776; 0.839; 0.780; 1.000),(0.878; 0.298; 0.267; 1.000)
(0.831; 0.000; 0.435; 1.000),(0.000; 0.000; 0.000; 1.000),(0.875; 0.306; 0.427; 1.000)
(0.831; 0.000; 0.435; 1.000),(0.000; 0.000; 0.322; 1.000),(0.424; 0.000; 0.196; 1.000)
(0.831; 0.000; 0.435; 1.000),(0.000; 0.000; 0.714; 1.000),(0.278; 0.000; 0.514; 1.000)
(0.831; 0.000; 0.435; 1.000),(0.000; 0.408; 0.000; 1.000),(0.369; 0.000; 0.580; 1.000)
(0.831; 0.000; 0.435; 1.000),(0.000; 0.408; 0.463; 1.000),(0.490; 0.216; 0.188; 1.000)
(0.831; 0.000; 0.435; 1.000),(0.000; 0.408; 0.902; 1.000),(0.408; 0.133; 0.463; 1.000)
(0.831; 0.000; 0.435; 1.000),(0.000; 0.796; 0.000; 1.000),(0.435; 0.086; 0.616; 1.000)
(0.831; 0.000; 0.435; 1.000),(0.000; 0.796; 0.337; 1.000),(0.514; 0.369; 0.176; 1.000)
(0.831; 0.000; 0.435; 1.000),(0.000; 0.796; 0.788; 1.000),(0.475; 0.322; 0.369; 1.000)
(0.831; 0.000; 0.435; 1.000),(0.318; 0.000; 0.000; 1.000),(0.463; 0.271; 0.565; 1.000)
(0.831; 0.000; 0.435; 1.000),(0.318; 0.000; 0.463; 1.000),(0.576; 0.000; 0.208; 1.000)
(0.831; 0.000; 0.435; 1.000),(0.318; 0.000; 0.863; 1.000),(0.553; 0.000; 0.424; 1.000)
(0.831; 0.000; 0.435; 1.000),(0.318; 0.314; 0.000; 1.000),(0.573; 0.000; 0.608; 1.000)
(0.831; 0.000; 0.435; 1.000),(0.318; 0.314; 0.459; 1.000),(0.612; 0.161; 0.173; 1.000)
(0.831; 0.000; 0.435; 1.000),(0.318; 0.314; 0.784; 1.000),(0.580; 0.118; 0.427; 1.000)
(0.831; 0.000; 0.435; 1.000),(0.318; 0.718; 0.000; 1.000),(0.596; 0.094; 0.561; 1.000)
(0.831; 0.000; 0.435; 1.000),(0.318; 0.718; 0.361; 1.000),(0.686; 0.325; 0.169; 1.000)
(0.831; 0.000; 0.435; 1.000),(0.318; 0.718; 0.737; 1.000),(0.639; 0.263; 0.384; 1.000)
(0.831; 0.000; 0.435; 1.000),(0.776; 0.000; 0.000; 1.000),(0.631; 0.227; 0.549; 1.000)
(0.831; 0.000; 0.435; 1.000),(0.776; 0.000; 0.365; 1.000),(0.804; 0.012; 0.235; 1.000)
(0.831; 0.000; 0.435; 1.000),(0.776; 0.000; 0.729; 1.000),(0.804; 0.000; 0.400; 1.000)
(0.831; 0.000; 0.435; 1.000),(0.776; 0.463; 0.000; 1.000),(0.808; 0.000; 0.576; 1.000)
(0.831; 0.000; 0.435; 1.000),(0.776; 0.463; 0.439; 1.000),(0.835; 0.224; 0.153; 1.000)
(0.831; 0.000; 0.435; 1.000),(0.776; 0.463; 0.898; 1.000),(0.820; 0.204; 0.439; 1.000)
(0.831; 0.000; 0.435; 1.000),(0.776; 0.839; 0.000; 1.000),(0.835; 0.176; 0.659; 1.000)
(0.831; 0.000; 0.435; 1.000),(0.776; 0.839; 0.361; 1.000),(0.867; 0.353; 0.212; 1.000)
(0.831; 0.000; 0.435; 1.000),(0.776; 0.839; 0.780; 1.000),(0.851; 0.329; 0.416; 1.000)
(0.831; 0.000; 0.875; 1.000),(0.000; 0.000; 0.000; 1.000),(0.851; 0.314; 0.604; 1.000)
(0.831; 0.000; 0.875; 1.000),(0.000; 0.000; 0.322; 1.000),(0.424; 0.024; 0.431; 1.000)
(0.831; 0.000; 0.875; 1.000),(0.000; 0.000; 0.714; 1.000),(0.271; 0.004; 0.784; 1.000)
(0.831; 0.000; 0.875; 1.000),(0.000; 0.408; 0.000; 1.000),(0.353; 0.000; 0.851; 1.000)
(0.831; 0.000; 0.875; 1.000),(0.000; 0.408; 0.463; 1.000),(0.471; 0.294; 0.400; 1.000)
(0.831; 0.000; 0.875; 1.000),(0.000; 0.408; 0.902; 1.000),(0.388; 0.196; 0.718; 1.000)
(0.831; 0.000; 0.875; 1.000),(0.000; 0.796; 0.000; 1.000),(0.404; 0.153; 0.894; 1.000)
(0.831; 0.000; 0.875; 1.000),(0.000; 0.796; 0.337; 1.000),(0.482; 0.459; 0.373; 1.000)
(0.831; 0.000; 0.875; 1.000),(0.000; 0.796; 0.788; 1.000),(0.443; 0.404; 0.592; 1.000)
(0.831; 0.000; 0.875; 1.000),(0.318; 0.000; 0.000; 1.000),(0.427; 0.345; 0.824; 1.000)
(0.831; 0.000; 0.875; 1.000),(0.318; 0.000; 0.463; 1.000),(0.600; 0.000; 0.455; 1.000)
(0.831; 0.000; 0.875; 1.000),(0.318; 0.000; 0.863; 1.000),(0.565; 0.000; 0.678; 1.000)
(0.831; 0.000; 0.875; 1.000),(0.318; 0.314; 0.000; 1.000),(0.561; 0.000; 0.871; 1.000)
(0.831; 0.000; 0.875; 1.000),(0.318; 0.314; 0.459; 1.000),(0.608; 0.196; 0.388; 1.000)
(0.831; 0.000; 0.875; 1.000),(0.318; 0.314; 0.784; 1.000),(0.569; 0.153; 0.671; 1.000)
(0.831; 0.000; 0.875; 1.000),(0.318; 0.718; 0.000; 1.000),(0.573; 0.137; 0.820; 1.000)
(0.831; 0.000; 0.875; 1.000),(0.318; 0.718; 0.361; 1.000),(0.643; 0.424; 0.345; 1.000)
(0.831; 0.000; 0.875; 1.000),(0.318; 0.718; 0.737; 1.000),(0.608; 0.353; 0.600; 1.000)
(0.831; 0.000; 0.875; 1.000),(0.776; 0.000; 0.000; 1.000),(0.592; 0.306; 0.796; 1.000)
(0.831; 0.000; 0.875; 1.000),(0.776; 0.000; 0.365; 1.000),(0.824; 0.000; 0.467; 1.000)
(0.831; 0.000; 0.875; 1.000),(0.776; 0.000; 0.729; 1.000),(0.816; 0.000; 0.620; 1.000)
(0.831; 0.000; 0.875; 1.000),(0.776; 0.463; 0.000; 1.000),(0.804; 0.000; 0.800; 1.000)
(0.831; 0.000; 0.875; 1.000),(0.776; 0.463; 0.439; 1.000),(0.800; 0.294; 0.329; 1.000)
(0.831; 0.000; 0.875; 1.000),(0.776; 0.463; 0.898; 1.000),(0.804; 0.239; 0.647; 1.000)
(0.831; 0.000; 0.875; 1.000),(0.776; 0.839; 0.000; 1.000),(0.808; 0.220; 0.886; 1.000)
(0.831; 0.000; 0.875; 1.000),(0.776; 0.839; 0.361; 1.000),(0.808; 0.459; 0.361; 1.000)
(0.831; 0.000; 0.875; 1.000),(0.776; 0.839; 0.780; 1.000),(0.808; 0.420; 0.608; 1.000)
(0.831; 0.369; 0.000; 1.000),(0.000; 0.000; 0.000; 1.000),(0.812; 0.388; 0.824; 1.000)
(0.831; 0.369; 0.000; 1.000),(0.000; 0.000; 0.322; 1.000),(0.329; 0.208; 0.000; 1.000)
(0.831; 0.369; 0.000; 1.000),(0.000; 0.000; 0.714; 1.000),(0.161; 0.231; 0.149; 1.000)
(0.831; 0.369; 0.000; 1.000),(0.000; 0.408; 0.000; 1.000),(0.271; 0.243; 0.231; 1.000)
(0.831; 0.369; 0.000; 1.000),(0.000; 0.408; 0.463; 1.000),(0.357; 0.408; 0.008; 1.000)
(0.831; 0.369; 0.000; 1.000),(0.000; 0.408; 0.902; 1.000),(0.294; 0.400; 0.169; 1.000)
(0.831; 0.369; 0.000; 1.000),(0.000; 0.796; 0.000; 1.000),(0.345; 0.420; 0.263; 1.000)
(0.831; 0.369; 0.000; 1.000),(0.000; 0.796; 0.337; 1.000),(0.408; 0.576; 0.004; 1.000)
(0.831; 0.369; 0.000; 1.000),(0.000; 0.796; 0.788; 1.000),(0.369; 0.565; 0.141; 1.000)
(0.831; 0.369; 0.000; 1.000),(0.318; 0.000; 0.000; 1.000),(0.380; 0.588; 0.247; 1.000)
(0.831; 0.369; 0.000; 1.000),(0.318; 0.000; 0.463; 1.000),(0.541; 0.180; 0.000; 1.000)
(0.831; 0.369; 0.000; 1.000),(0.318; 0.000; 0.863; 1.000),(0.490; 0.243; 0.125; 1.000)
(0.831; 0.369; 0.000; 1.000),(0.318; 0.314; 0.000; 1.000),(0.502; 0.259; 0.282; 1.000)
(0.831; 0.369; 0.000; 1.000),(0.318; 0.314; 0.459; 1.000),(0.537; 0.353; 0.000; 1.000)
(0.831; 0.369; 0.000; 1.000),(0.318; 0.314; 0.784; 1.000),(0.502; 0.376; 0.153; 1.000)
(0.831; 0.369; 0.000; 1.000),(0.318; 0.718; 0.000; 1.000),(0.525; 0.408; 0.231; 1.000)
(0.831; 0.369; 0.000; 1.000),(0.318; 0.718; 0.361; 1.000),(0.596; 0.529; 0.012; 1.000)
(0.831; 0.369; 0.000; 1.000),(0.318; 0.718; 0.737; 1.000),(0.549; 0.514; 0.153; 1.000)
(0.831; 0.369; 0.000; 1.000),(0.776; 0.000; 0.000; 1.000),(0.557; 0.537; 0.235; 1.000)
(0.831; 0.369; 0.000; 1.000),(0.776; 0.000; 0.365; 1.000),(0.839; 0.153; 0.000; 1.000)
(0.831; 0.369; 0.000; 1.000),(0.776; 0.000; 0.729; 1.000),(0.812; 0.188; 0.125; 1.000)
(0.831; 0.369; 0.000; 1.000),(0.776; 0.463; 0.000; 1.000),(0.788; 0.243; 0.275; 1.000)
(0.831; 0.369; 0.000; 1.000),(0.776; 0.463; 0.439; 1.000),(0.808; 0.412; 0.004; 1.000)
(0.831; 0.369; 0.000; 1.000),(0.776; 0.463; 0.898; 1.000),(0.800; 0.435; 0.176; 1.000)
(0.831; 0.369; 0.000; 1.000),(0.776; 0.839; 0.000; 1.000),(0.808; 0.463; 0.333; 1.000)
(0.831; 0.369; 0.000; 1.000),(0.776; 0.839; 0.361; 1.000),(0.824; 0.569; 0.043; 1.000)
(0.831; 0.369; 0.000; 1.000),(0.776; 0.839; 0.780; 1.000),(0.816; 0.576; 0.173; 1.000)
(0.831; 0.369; 0.353; 1.000),(0.000; 0.000; 0.000; 1.000),(0.824; 0.600; 0.286; 1.000)
(0.831; 0.369; 0.353; 1.000),(0.000; 0.000; 0.322; 1.000),(0.396; 0.200; 0.173; 1.000)
(0.831; 0.369; 0.353; 1.000),(0.000; 0.000; 0.714; 1.000),(0.239; 0.204; 0.451; 1.000)
(0.831; 0.369; 0.353; 1.000),(0.000; 0.408; 0.000; 1.000),(0.333; 0.188; 0.522; 1.000)
(0.831; 0.369; 0.353; 1.000),(0.000; 0.408; 0.463; 1.000),(0.443; 0.435; 0.165; 1.000)
(0.831; 0.369; 0.353; 1.000),(0.000; 0.408; 0.902; 1.000),(0.365; 0.376; 0.416; 1.000)
(0.831; 0.369; 0.353; 1.000),(0.000; 0.796; 0.000; 1.000),(0.396; 0.357; 0.557; 1.000)
(0.831; 0.369; 0.353; 1.000),(0.000; 0.796; 0.337; 1.000),(0.471; 0.596; 0.153; 1.000)
(0.831; 0.369; 0.353; 1.000),(0.000; 0.796; 0.788; 1.000),(0.431; 0.561; 0.337; 1.000)
(0.831; 0.369; 0.353; 1.000),(0.318; 0.000; 0.000; 1.000),(0.424; 0.533; 0.510; 1.000)
(0.831; 0.369; 0.353; 1.000),(0.318; 0.000; 0.463; 1.000),(0.580; 0.149; 0.180; 1.000)
(0.831; 0.369; 0.353; 1.000),(0.318; 0.000; 0.863; 1.000),(0.541; 0.188; 0.380; 1.000)
(0.831; 0.369; 0.353; 1.000),(0.318; 0.314; 0.000; 1.000),(0.545; 0.196; 0.553; 1.000)
(0.831; 0.369; 0.353; 1.000),(0.318; 0.314; 0.459; 1.000),(0.588; 0.357; 0.157; 1.000)
(0.831; 0.369; 0.353; 1.000),(0.318; 0.314; 0.784; 1.000),(0.553; 0.341; 0.384; 1.000)
(0.831; 0.369; 0.353; 1.000),(0.318; 0.718; 0.000; 1.000),(0.565; 0.345; 0.502; 1.000)
(0.831; 0.369; 0.353; 1.000),(0.318; 0.718; 0.361; 1.000),(0.643; 0.549; 0.145; 1.000)
(0.831; 0.369; 0.353; 1.000),(0.318; 0.718; 0.737; 1.000),(0.600; 0.506; 0.349; 1.000)
(0.831; 0.369; 0.353; 1.000),(0.776; 0.000; 0.000; 1.000),(0.592; 0.490; 0.494; 1.000)
(0.831; 0.369; 0.353; 1.000),(0.776; 0.000; 0.365; 1.000),(0.824; 0.165; 0.216; 1.000)
(0.831; 0.369; 0.353; 1.000),(0.776; 0.000; 0.729; 1.000),(0.812; 0.173; 0.361; 1.000)
(0.831; 0.369; 0.353; 1.000),(0.776; 0.463; 0.000; 1.000),(0.800; 0.200; 0.522; 1.000)
(0.831; 0.369; 0.353; 1.000),(0.776; 0.463; 0.439; 1.000),(0.816; 0.427; 0.137; 1.000)
(0.831; 0.369; 0.353; 1.000),(0.776; 0.463; 0.898; 1.000),(0.804; 0.412; 0.396; 1.000)
(0.831; 0.369; 0.353; 1.000),(0.776; 0.839; 0.000; 1.000),(0.812; 0.412; 0.592; 1.000)
(0.831; 0.369; 0.353; 1.000),(0.776; 0.839; 0.361; 1.000),(0.835; 0.580; 0.176; 1.000)
(0.831; 0.369; 0.353; 1.000),(0.776; 0.839; 0.780; 1.000),(0.824; 0.565; 0.369; 1.000)
(0.831; 0.369; 0.784; 1.000),(0.000; 0.000; 0.000; 1.000),(0.824; 0.561; 0.541; 1.000)
(0.831; 0.369; 0.784; 1.000),(0.000; 0.000; 0.322; 1.000),(0.424; 0.200; 0.392; 1.000)
(0.831; 0.369; 0.784; 1.000),(0.000; 0.000; 0.714; 1.000),(0.247; 0.184; 0.761; 1.000)
(0.831; 0.369; 0.784; 1.000),(0.000; 0.408; 0.000; 1.000),(0.337; 0.161; 0.820; 1.000)
(0.831; 0.369; 0.784; 1.000),(0.000; 0.408; 0.463; 1.000),(0.467; 0.486; 0.353; 1.000)
(0.831; 0.369; 0.784; 1.000),(0.000; 0.408; 0.902; 1.000),(0.373; 0.388; 0.678; 1.000)
(0.831; 0.369; 0.784; 1.000),(0.000; 0.796; 0.000; 1.000),(0.384; 0.345; 0.859; 1.000)
(0.831; 0.369; 0.784; 1.000),(0.000; 0.796; 0.337; 1.000),(0.486; 0.651; 0.322; 1.000)
(0.831; 0.369; 0.784; 1.000),(0.000; 0.796; 0.788; 1.000),(0.439; 0.596; 0.549; 1.000)
(0.831; 0.369; 0.784; 1.000),(0.318; 0.000; 0.000; 1.000),(0.416; 0.541; 0.784; 1.000)
(0.831; 0.369; 0.784; 1.000),(0.318; 0.000; 0.463; 1.000),(0.608; 0.110; 0.420; 1.000)
(0.831; 0.369; 0.784; 1.000),(0.318; 0.000; 0.863; 1.000),(0.561; 0.141; 0.639; 1.000)
(0.831; 0.369; 0.784; 1.000),(0.318; 0.314; 0.000; 1.000),(0.549; 0.165; 0.831; 1.000)
(0.831; 0.369; 0.784; 1.000),(0.318; 0.314; 0.459; 1.000),(0.612; 0.373; 0.345; 1.000)
(0.831; 0.369; 0.784; 1.000),(0.318; 0.314; 0.784; 1.000),(0.565; 0.329; 0.631; 1.000)
(0.831; 0.369; 0.784; 1.000),(0.318; 0.718; 0.000; 1.000),(0.561; 0.322; 0.780; 1.000)
(0.831; 0.369; 0.784; 1.000),(0.318; 0.718; 0.361; 1.000),(0.651; 0.612; 0.290; 1.000)
(0.831; 0.369; 0.784; 1.000),(0.318; 0.718; 0.737; 1.000),(0.604; 0.545; 0.553; 1.000)
(0.831; 0.369; 0.784; 1.000),(0.776; 0.000; 0.000; 1.000),(0.584; 0.502; 0.753; 1.000)
(0.831; 0.369; 0.784; 1.000),(0.776; 0.000; 0.365; 1.000),(0.839; 0.161; 0.439; 1.000)
(0.831; 0.369; 0.784; 1.000),(0.776; 0.000; 0.729; 1.000),(0.824; 0.153; 0.584; 1.000)
(0.831; 0.369; 0.784; 1.000),(0.776; 0.463; 0.000; 1.000),(0.804; 0.176; 0.757; 1.000)
(0.831; 0.369; 0.784; 1.000),(0.776; 0.463; 0.439; 1.000),(0.816; 0.475; 0.275; 1.000)
(0.831; 0.369; 0.784; 1.000),(0.776; 0.463; 0.898; 1.000),(0.804; 0.420; 0.600; 1.000)
(0.831; 0.369; 0.784; 1.000),(0.776; 0.839; 0.000; 1.000),(0.804; 0.412; 0.839; 1.000)
(0.831; 0.369; 0.784; 1.000),(0.776; 0.839; 0.361; 1.000),(0.820; 0.647; 0.298; 1.000)
(0.831; 0.369; 0.784; 1.000),(0.776; 0.839; 0.780; 1.000),(0.812; 0.608; 0.557; 1.000)
(0.831; 0.714; 0.000; 1.000),(0.000; 0.000; 0.000; 1.000),(0.808; 0.584; 0.776; 1.000)
(0.831; 0.714; 0.000; 1.000),(0.000; 0.000; 0.322; 1.000),(0.271; 0.322; 0.039; 1.000)
(0.831; 0.714; 0.000; 1.000),(0.000; 0.000; 0.714; 1.000),(0.051; 0.353; 0.169; 1.000)
(0.831; 0.714; 0.000; 1.000),(0.000; 0.408; 0.000; 1.000),(0.180; 0.396; 0.247; 1.000)
(0.831; 0.714; 0.000; 1.000),(0.000; 0.408; 0.463; 1.000),(0.259; 0.557; 0.043; 1.000)
(0.831; 0.714; 0.000; 1.000),(0.000; 0.408; 0.902; 1.000),(0.192; 0.565; 0.188; 1.000)
(0.831; 0.714; 0.000; 1.000),(0.000; 0.796; 0.000; 1.000),(0.259; 0.627; 0.255; 1.000)
(0.831; 0.714; 0.000; 1.000),(0.000; 0.796; 0.337; 1.000),(0.333; 0.745; 0.016; 1.000)
(0.831; 0.714; 0.000; 1.000),(0.000; 0.796; 0.788; 1.000),(0.290; 0.741; 0.153; 1.000)
(0.831; 0.714; 0.000; 1.000),(0.318; 0.000; 0.000; 1.000),(0.310; 0.800; 0.235; 1.000)
(0.831; 0.714; 0.000; 1.000),(0.318; 0.000; 0.463; 1.000),(0.553; 0.263; 0.027; 1.000)
(0.831; 0.714; 0.000; 1.000),(0.318; 0.000; 0.863; 1.000),(0.459; 0.361; 0.165; 1.000)
(0.831; 0.714; 0.000; 1.000),(0.318; 0.314; 0.000; 1.000),(0.447; 0.427; 0.290; 1.000)
(0.831; 0.714; 0.000; 1.000),(0.318; 0.314; 0.459; 1.000),(0.498; 0.478; 0.047; 1.000)
(0.831; 0.714; 0.000; 1.000),(0.318; 0.314; 0.784; 1.000),(0.451; 0.533; 0.176; 1.000)
(0.831; 0.714; 0.000; 1.000),(0.318; 0.718; 0.000; 1.000),(0.475; 0.600; 0.227; 1.000)
(0.831; 0.714; 0.000; 1.000),(0.318; 0.718; 0.361; 1.000),(0.541; 0.710; 0.008; 1.000)
(0.831; 0.714; 0.000; 1.000),(0.318; 0.718; 0.737; 1.000),(0.486; 0.702; 0.153; 1.000)
(0.831; 0.714; 0.000; 1.000),(0.776; 0.000; 0.000; 1.000),(0.498; 0.757; 0.220; 1.000)
(0.831; 0.714; 0.000; 1.000),(0.776; 0.000; 0.365; 1.000),(0.914; 0.227; 0.075; 1.000)
(0.831; 0.714; 0.000; 1.000),(0.776; 0.000; 0.729; 1.000),(0.855; 0.290; 0.173; 1.000)
(0.831; 0.714; 0.000; 1.000),(0.776; 0.463; 0.000; 1.000),(0.792; 0.388; 0.286; 1.000)
(0.831; 0.714; 0.000; 1.000),(0.776; 0.463; 0.439; 1.000),(0.804; 0.573; 0.020; 1.000)
(0.831; 0.714; 0.000; 1.000),(0.776; 0.463; 0.898; 1.000),(0.804; 0.596; 0.180; 1.000)
(0.831; 0.714; 0.000; 1.000),(0.776; 0.839; 0.000; 1.000),(0.804; 0.655; 0.302; 1.000)
(0.831; 0.714; 0.000; 1.000),(0.776; 0.839; 0.361; 1.000),(0.804; 0.776; 0.000; 1.000)
(0.831; 0.714; 0.000; 1.000),(0.776; 0.839; 0.780; 1.000),(0.800; 0.776; 0.133; 1.000)
(0.831; 0.714; 0.345; 1.000),(0.000; 0.000; 0.000; 1.000),(0.812; 0.812; 0.235; 1.000)
(0.831; 0.714; 0.345; 1.000),(0.000; 0.000; 0.322; 1.000),(0.376; 0.369; 0.196; 1.000)
(0.831; 0.714; 0.345; 1.000),(0.000; 0.000; 0.714; 1.000),(0.192; 0.420; 0.451; 1.000)
(0.831; 0.714; 0.345; 1.000),(0.000; 0.408; 0.000; 1.000),(0.294; 0.412; 0.522; 1.000)
(0.831; 0.714; 0.345; 1.000),(0.000; 0.408; 0.463; 1.000),(0.396; 0.639; 0.180; 1.000)
(0.831; 0.714; 0.345; 1.000),(0.000; 0.408; 0.902; 1.000),(0.314; 0.608; 0.424; 1.000)
(0.831; 0.714; 0.345; 1.000),(0.000; 0.796; 0.000; 1.000),(0.349; 0.616; 0.553; 1.000)
(0.831; 0.714; 0.345; 1.000),(0.000; 0.796; 0.337; 1.000),(0.431; 0.800; 0.157; 1.000)
(0.831; 0.714; 0.345; 1.000),(0.000; 0.796; 0.788; 1.000),(0.388; 0.780; 0.341; 1.000)
(0.831; 0.714; 0.345; 1.000),(0.318; 0.000; 0.000; 1.000),(0.380; 0.784; 0.510; 1.000)
(0.831; 0.714; 0.345; 1.000),(0.318; 0.000; 0.463; 1.000),(0.596; 0.267; 0.212; 1.000)
(0.831; 0.714; 0.345; 1.000),(0.318; 0.000; 0.863; 1.000),(0.537; 0.349; 0.392; 1.000)
(0.831; 0.714; 0.345; 1.000),(0.318; 0.314; 0.000; 1.000),(0.522; 0.404; 0.557; 1.000)
(0.831; 0.714; 0.345; 1.000),(0.318; 0.314; 0.459; 1.000),(0.573; 0.522; 0.180; 1.000)
(0.831; 0.714; 0.345; 1.000),(0.318; 0.314; 0.784; 1.000),(0.529; 0.537; 0.396; 1.000)
(0.831; 0.714; 0.345; 1.000),(0.318; 0.718; 0.000; 1.000),(0.537; 0.569; 0.502; 1.000)
(0.831; 0.714; 0.345; 1.000),(0.318; 0.718; 0.361; 1.000),(0.608; 0.753; 0.141; 1.000)
(0.831; 0.714; 0.345; 1.000),(0.318; 0.718; 0.737; 1.000),(0.561; 0.729; 0.349; 1.000)
(0.831; 0.714; 0.345; 1.000),(0.776; 0.000; 0.000; 1.000),(0.553; 0.737; 0.490; 1.000)
(0.831; 0.714; 0.345; 1.000),(0.776; 0.000; 0.365; 1.000),(0.871; 0.259; 0.255; 1.000)
(0.831; 0.714; 0.345; 1.000),(0.776; 0.000; 0.729; 1.000),(0.839; 0.290; 0.373; 1.000)
(0.831; 0.714; 0.345; 1.000),(0.776; 0.463; 0.000; 1.000),(0.804; 0.365; 0.522; 1.000)
(0.831; 0.714; 0.345; 1.000),(0.776; 0.463; 0.439; 1.000),(0.812; 0.592; 0.141; 1.000)
(0.831; 0.714; 0.345; 1.000),(0.776; 0.463; 0.898; 1.000),(0.804; 0.588; 0.392; 1.000)
(0.831; 0.714; 0.345; 1.000),(0.776; 0.839; 0.000; 1.000),(0.804; 0.620; 0.580; 1.000)
(0.831; 0.714; 0.345; 1.000),(0.776; 0.839; 0.361; 1.000),(0.812; 0.780; 0.149; 1.000)
(0.831; 0.714; 0.345; 1.000),(0.776; 0.839; 0.780; 1.000),(0.804; 0.773; 0.353; 1.000)
(0.831; 0.714; 0.769; 1.000),(0.000; 0.000; 0.000; 1.000),(0.808; 0.784; 0.525; 1.000)
(0.831; 0.714; 0.769; 1.000),(0.000; 0.000; 0.322; 1.000),(0.420; 0.361; 0.392; 1.000)
(0.831; 0.714; 0.769; 1.000),(0.000; 0.000; 0.714; 1.000),(0.212; 0.380; 0.780; 1.000)
(0.831; 0.714; 0.769; 1.000),(0.000; 0.408; 0.000; 1.000),(0.310; 0.353; 0.827; 1.000)
(0.831; 0.714; 0.769; 1.000),(0.000; 0.408; 0.463; 1.000),(0.451; 0.675; 0.349; 1.000)
(0.831; 0.714; 0.769; 1.000),(0.000; 0.408; 0.902; 1.000),(0.345; 0.588; 0.686; 1.000)
(0.831; 0.714; 0.769; 1.000),(0.000; 0.796; 0.000; 1.000),(0.353; 0.557; 0.867; 1.000)
(0.831; 0.714; 0.769; 1.000),(0.000; 0.796; 0.337; 1.000),(0.475; 0.835; 0.306; 1.000)
(0.831; 0.714; 0.769; 1.000),(0.000; 0.796; 0.788; 1.000),(0.424; 0.788; 0.545; 1.000)
(0.831; 0.714; 0.769; 1.000),(0.318; 0.000; 0.000; 1.000),(0.392; 0.745; 0.788; 1.000)
(0.831; 0.714; 0.769; 1.000),(0.318; 0.000; 0.463; 1.000),(0.624; 0.231; 0.420; 1.000)
(0.831; 0.714; 0.769; 1.000),(0.318; 0.000; 0.863; 1.000),(0.561; 0.290; 0.639; 1.000)
(0.831; 0.714; 0.769; 1.000),(0.318; 0.314; 0.000; 1.000),(0.533; 0.345; 0.831; 1.000)
(0.831; 0.714; 0.769; 1.000),(0.318; 0.314; 0.459; 1.000),(0.612; 0.529; 0.341; 1.000)
(0.831; 0.714; 0.769; 1.000),(0.318; 0.314; 0.784; 1.000),(0.553; 0.506; 0.631; 1.000)
(0.831; 0.714; 0.769; 1.000),(0.318; 0.718; 0.000; 1.000),(0.545; 0.510; 0.780; 1.000)
(0.831; 0.714; 0.769; 1.000),(0.318; 0.718; 0.361; 1.000),(0.647; 0.796; 0.267; 1.000)
(0.831; 0.714; 0.769; 1.000),(0.318; 0.718; 0.737; 1.000),(0.588; 0.737; 0.545; 1.000)
(0.831; 0.714; 0.769; 1.000),(0.776; 0.000; 0.000; 1.000),(0.565; 0.706; 0.753; 1.000)
(0.831; 0.714; 0.769; 1.000),(0.776; 0.000; 0.365; 1.000),(0.867; 0.267; 0.443; 1.000)
(0.831; 0.714; 0.769; 1.000),(0.776; 0.000; 0.729; 1.000),(0.843; 0.275; 0.576; 1.000)
(0.831; 0.714; 0.769; 1.000),(0.776; 0.463; 0.000; 1.000),(0.808; 0.329; 0.749; 1.000)
(0.831; 0.714; 0.769; 1.000),(0.776; 0.463; 0.439; 1.000),(0.824; 0.627; 0.255; 1.000)
(0.831; 0.714; 0.769; 1.000),(0.776; 0.463; 0.898; 1.000),(0.808; 0.580; 0.592; 1.000)
(0.831; 0.714; 0.769; 1.000),(0.776; 0.839; 0.000; 1.000),(0.804; 0.588; 0.831; 1.000)
(0.831; 0.714; 0.769; 1.000),(0.776; 0.839; 0.361; 1.000),(0.824; 0.816; 0.263; 1.000)
(0.831; 0.714; 0.769; 1.000),(0.776; 0.839; 0.780; 1.000),(0.812; 0.788; 0.541; 1.000)
